{
    "stat": {
        "ru_self_cgstart": {
            "ru_utime_sec": 0.11508400000000001,
            "ru_nivcsw": 327,
            "ru_maxrss_kb": 75684,
            "ru_stime_sec": 0.05169,
            "ru_minflt": 24375,
            "ru_majflt": 0,
            "ru_nvcsw": 119
        },
        "ru_childs_cgstart": {
            "ru_utime_sec": 0.0080780000000000001,
            "ru_nivcsw": 6,
            "ru_maxrss_kb": 25052,
            "ru_stime_sec": 0.010862,
            "ru_minflt": 6348,
            "ru_majflt": 0,
            "ru_nvcsw": 17
        },
        "cpu_cycles_cgstart": 65334362238214,
        "ru_self_end": {
            "ru_utime_sec": 0.180393,
            "ru_nivcsw": 334,
            "ru_maxrss_kb": 86820,
            "ru_stime_sec": 0.062385999999999997,
            "ru_minflt": 27968,
            "ru_majflt": 0,
            "ru_nvcsw": 165
        },
        "nMops": 18091,
        "nQuads": 5907,
        "ru_childs_end": {
            "ru_utime_sec": 0.0080780000000000001,
            "ru_nivcsw": 8,
            "ru_maxrss_kb": 25464,
            "ru_stime_sec": 0.013584000000000001,
            "ru_minflt": 6955,
            "ru_majflt": 0,
            "ru_nvcsw": 19
        },
        "totalObjSize": 203228,
        "CodeGen(%)": 34.652015429429454,
        "Frontend(%)": 65.347984570570546,
        "cpu_cycles_end": 65334721945542,
        "mop/quad": 3.0626375486710682,
        "cpu_cycles_total": 1356108269,
        "outputSizePerQuad": 34.404604706280686,
        "mopSpeed": 277006.2319129064,
        "quadSpeed": 90446.95218116953,
        "peak_mem_kb": 283160,
        "realTime": 0.43792104721069336
    },
    "perf": [
        [
            0.16321682929992676,
            0.033842999999999998,
            0.032903000000000002,
            266884,
            267500,
            1551137510.7509079,
            65333845883371,
            "doParsingAndDesignResolution",
            "entry"
        ],
        [
            0.20424699783325195,
            0.064546000000000006,
            0.041424999999999997,
            268168,
            268816,
            1551137510.7919381,
            65333976333190,
            "doParsingAndDesignResolution",
            "exit"
        ],
        [
            0.20430994033813477,
            0.064585000000000004,
            0.041450000000000001,
            268168,
            268816,
            1551137510.792001,
            65333976497556,
            "doPostDesignResolutionToVir2Vcs",
            "entry"
        ],
        [
            0.22888088226318359,
            0.074824000000000002,
            0.044371000000000001,
            269352,
            269356,
            1551137510.816572,
            65334054953503,
            "doUptoVir2VcsNoSepCleanup",
            "entry"
        ],
        [
            0.27962303161621094,
            0.10983900000000001,
            0.047211000000000003,
            270804,
            283160,
            1551137510.8673141,
            65334216937798,
            "doUptoVir2VcsNoSepCleanup",
            "exit"
        ],
        [
            0.27969098091125488,
            0.109888,
            0.047232000000000003,
            270804,
            283160,
            1551137510.867382,
            65334217115433,
            "doRadify_vir2vcsAll",
            "entry"
        ],
        [
            0.28850483894348145,
            0.11451799999999999,
            0.048523999999999998,
            272216,
            283160,
            1551137510.8761959,
            65334245460357,
            "doRadify_vir2vcsAll",
            "exit"
        ],
        [
            0.28860688209533691,
            0.11459,
            0.048555000000000001,
            272216,
            283160,
            1551137510.876298,
            65334245706618,
            "doPostDesignResolutionToVir2Vcs",
            "exit"
        ],
        [
            0.28868293762207031,
            0.11464299999999999,
            0.048577000000000002,
            272216,
            283160,
            1551137510.876374,
            65334245813143,
            "doGAToPass2",
            "entry"
        ],
        [
            0.32511186599731445,
            0.115034,
            0.051667999999999999,
            270660,
            283160,
            1551137510.9128029,
            65334362151190,
            "DoPass2",
            "entry"
        ],
        [
            0.42521381378173828,
            0.180393,
            0.059797999999999997,
            281224,
            283160,
            1551137511.0129049,
            65334681651123,
            "DoPass2",
            "exit"
        ]
    ],
    "cycles_program_begin": 65333365837273,
    "LVLData": [
        "SIM"
    ],
    "MlibObjs": {},
    "PrevCompiledModules": {
        "...MASTER...": {
            "amcQw_d": {
                "bytes": 7866,
                "out": "objs/amcQw_d.o",
                "mod": "...MASTER...",
                "mode": 4,
                "checksum": 0
            }
        },
        "std": {
            "reYIK_d": {
                "archive": "archive.16/_prev_archive_1.a",
                "bytes": 32908,
                "out": "reYIK_d.o",
                "mod": "std",
                "mode": 4,
                "checksum": 0
            }
        },
        "RS_CAM": {
            "iZACG_d": {
                "archive": "archive.16/_prev_archive_1.a",
                "bytes": 16378,
                "out": "iZACG_d.o",
                "mod": "RS_CAM",
                "mode": 4,
                "checksum": 0
            }
        },
        "testbench": {
            "iAVhC_d": {
                "archive": "archive.16/_prev_archive_1.a",
                "bytes": 43424,
                "out": "iAVhC_d.o",
                "mod": "testbench",
                "mode": 4,
                "checksum": 0
            }
        },
        "RS": {
            "AWvyK_d": {
                "archive": "archive.16/_3478_archive_1.a",
                "bytes": 122032,
                "out": "AWvyK_d.o",
                "mod": "RS",
                "mode": 4,
                "checksum": 0
            }
        },
        "PS": {
            "Tc18i_d": {
                "archive": "archive.16/_prev_archive_1.a",
                "bytes": 29344,
                "out": "Tc18i_d.o",
                "mod": "PS",
                "mode": 4,
                "checksum": 0
            }
        },
        "_vcs_unit__918271579": {
            "nsE9z_d": {
                "archive": "archive.16/_3478_archive_1.a",
                "bytes": 12636,
                "out": "nsE9z_d.o",
                "mod": "_vcs_unit__918271579",
                "mode": 4,
                "checksum": 0
            }
        }
    },
    "cpu_cycles_pass2_start": 65334362174531,
    "NameTable": {
        "_vcs_unit__918271579": [
            "_vcs_unit__918271579",
            "nsE9z",
            "module",
            1
        ],
        "...MASTER...": [
            "SIM",
            "amcQw",
            "module",
            7
        ],
        "std": [
            "std",
            "reYIK",
            "module",
            2
        ],
        "testbench": [
            "testbench",
            "iAVhC",
            "module",
            6
        ],
        "RS_CAM": [
            "RS_CAM",
            "iZACG",
            "module",
            3
        ],
        "RS": [
            "RS",
            "AWvyK",
            "module",
            5
        ],
        "PS": [
            "PS",
            "Tc18i",
            "module",
            4
        ]
    },
    "CompileStrategy": "fullobj",
    "CurCompileModules": [
        "...MASTER...",
        "_vcs_unit__918271579",
        "_vcs_unit__918271579",
        "std",
        "RS_CAM",
        "PS",
        "RS",
        "RS",
        "testbench"
    ],
    "CompileProcesses": [
        "cgproc.3478.json"
    ],