{
    "SIMBData": {
        "out": "amcQwB.o",
        "bytes": 71816,
        "text": 0,
        "archive": "archive.0/_6481_archive_1.a"
    },
    "LVLData": [
        "SIM"
    ],
    "MlibObjs": {},
    "cycles_program_begin": 69150812616303,
    "PrevCompiledModules": {},
    "perf": [
        [
            0.16296601295471191,
            0.036471999999999997,
            0.02938,
            266884,
            267500,
            1551138706.677294,
            69151288186809,
            "doParsingAndDesignResolution",
            "entry"
        ],
        [
            0.19469594955444336,
            0.058257000000000003,
            0.039172999999999999,
            268168,
            268816,
            1551138706.709024,
            69151389047206,
            "doParsingAndDesignResolution",
            "exit"
        ],
        [
            0.19479894638061523,
            0.058319000000000003,
            0.039213999999999999,
            268168,
            268816,
            1551138706.7091269,
            69151389322729,
            "doPostDesignResolutionToVir2Vcs",
            "entry"
        ],
        [
            0.22233104705810547,
            0.072597999999999996,
            0.040826000000000001,
            269296,
            269300,
            1551138706.736659,
            69151477152225,
            "doUptoVir2VcsNoSepCleanup",
            "entry"
        ],
        [
            0.29963994026184082,
            0.110975,
            0.050619999999999998,
            270760,
            283104,
            1551138706.8139679,
            69151724429215,
            "doUptoVir2VcsNoSepCleanup",
            "exit"
        ],
        [
            0.2999269962310791,
            0.11117299999999999,
            0.050709999999999998,
            270760,
            283104,
            1551138706.814255,
            69151725236098,
            "doRadify_vir2vcsAll",
            "entry"
        ],
        [
            0.31093788146972656,
            0.11747100000000001,
            0.051882999999999999,
            272116,
            283104,
            1551138706.8252659,
            69151759988329,
            "doRadify_vir2vcsAll",
            "exit"
        ],
        [
            0.31098389625549316,
            0.117503,
            0.051896999999999999,
            272116,
            283104,
            1551138706.8253119,
            69151760103136,
            "doPostDesignResolutionToVir2Vcs",
            "exit"
        ],
        [
            0.31101799011230469,
            0.11752799999999999,
            0.051908000000000003,
            272116,
            283104,
            1551138706.825346,
            69151760209181,
            "doGAToPass2",
            "entry"
        ],
        [
            0.35770893096923828,
            0.118141,
            0.055132,
            270560,
            283104,
            1551138706.8720369,
            69151909342672,
            "DoPass2",
            "entry"
        ],
        [
            0.49548196792602539,
            0.21022299999999999,
            0.068764000000000006,
            282164,
            283104,
            1551138707.00981,
            69152349056507,
            "DoPass2",
            "exit"
        ]
    ],
    "cpu_cycles_pass2_start": 69151909362225,
    "NameTable": {
        "RS_CAM": [
            "RS_CAM",
            "iZACG",
            "module",
            3
        ],
        "std": [
            "std",
            "reYIK",
            "module",
            2
        ],
        "_vcs_unit__918271579": [
            "_vcs_unit__918271579",
            "nsE9z",
            "module",
            1
        ],
        "PS": [
            "PS",
            "Tc18i",
            "module",
            4
        ],
        "testbench": [
            "testbench",
            "iAVhC",
            "module",
            6
        ],
        "RS": [
            "RS",
            "AWvyK",
            "module",
            5
        ],
        "...MASTER...": [
            "SIM",
            "amcQw",
            "module",
            7
        ]
    },
    "incremental": "on",
    "PEModules": [],
    "CompileStrategy": "fullobj",
    "stat": {
        "ru_self_cgstart": {
            "ru_minflt": 24256,
            "ru_maxrss_kb": 75604,
            "ru_utime_sec": 0.118199,
            "ru_nvcsw": 137,
            "ru_stime_sec": 0.055159,
            "ru_majflt": 0,
            "ru_nivcsw": 327
        },
        "ru_childs_end": {
            "ru_minflt": 6347,
            "ru_maxrss_kb": 24972,
            "ru_utime_sec": 0.0072430000000000003,
            "ru_nvcsw": 17,
            "ru_stime_sec": 0.014291,
            "ru_majflt": 0,
            "ru_nivcsw": 6
        },
        "totalObjSize": 334152,
        "nMops": 18091,
        "ru_childs_cgstart": {
            "ru_minflt": 6347,
            "ru_maxrss_kb": 24972,
            "ru_utime_sec": 0.0072430000000000003,
            "ru_nvcsw": 17,
            "ru_stime_sec": 0.014291,
            "ru_majflt": 0,
            "ru_nivcsw": 6
        },
        "nQuads": 5907,
        "cpu_cycles_cgstart": 69151909437521,
        "outputSizePerQuad": 56.568816658202131,
        "peak_mem_kb": 283104,
        "ru_self_end": {
            "ru_minflt": 28351,
            "ru_maxrss_kb": 87452,
            "ru_utime_sec": 0.212783,
            "ru_nvcsw": 193,
            "ru_stime_sec": 0.069278000000000006,
            "ru_majflt": 0,
            "ru_nivcsw": 339
        },
        "CodeGen(%)": 42.987646914455567,
        "cpu_cycles_end": 69152412582655,
        "cpu_cycles_total": 1599966352,
        "mop/quad": 3.0626375486710682,
        "realTime": 0.51546788215637207,
        "mopSpeed": 191269.13642899433,
        "quadSpeed": 62452.42324283177,
        "Frontend(%)": 57.012353085544433
    },
    "CurCompileUdps": {},
    "CurCompileModules": [
        "...MASTER...",
        "...MASTER...",
        "_vcs_unit__918271579",
        "_vcs_unit__918271579",
        "std",
        "std",
        "RS_CAM",
        "RS_CAM",
        "PS",
        "PS",
        "RS",
        "RS",
        "testbench",
        "testbench"
    ],
    "CompileProcesses": [
        "cgproc.6481.json"
    ],
    "Misc": {
        "vcs_version": "N-2017.12-SP2-1_Full64",
        "cwd": "/home/heewoo/Desktop/eecs470/FINAL/milestone1",
        "vcs_build_date": "Build Date = Jul 14 2018 20:29:59",
        "master_pid": 6481,
        "VCS_HOME": "/usr/caen/vcs-2017.12-SP2-1",
        "csrc": "csrc",
        "daidir_abs": "/home/heewoo/Desktop/eecs470/FINAL/milestone1/simv.daidir",
        "daidir": "/home/heewoo/Desktop/eecs470/FINAL/milestone1/simv.daidir",
        "default_output_dir": "csrc",
        "csrc_abs": "/home/heewoo/Desktop/eecs470/FINAL/milestone1/csrc",
        "archive_dir": "archive.0"
    },
    "rlimit": {
        "data": -1,
        "stack": -1
    },
    "CompileStatus": "Successful"
}