{
    "stat": {
        "peak_mem_kb": 283104,
        "ru_self_end": {
            "ru_minflt": 28346,
            "ru_maxrss_kb": 87452,
            "ru_utime_sec": 0.21246999999999999,
            "ru_nvcsw": 190,
            "ru_stime_sec": 0.069176000000000001,
            "ru_majflt": 0,
            "ru_nivcsw": 339
        },
        "ru_childs_end": {
            "ru_minflt": 6347,
            "ru_maxrss_kb": 24972,
            "ru_utime_sec": 0.0072430000000000003,
            "ru_nvcsw": 17,
            "ru_stime_sec": 0.014291,
            "ru_majflt": 0,
            "ru_nivcsw": 6
        },
        "cpu_cycles_end": 69152399950893
    },
    "Modules": {
        "...MASTER...": {
            "start_perf": [
                0.35784006118774414,
                0.118231,
                0.055174000000000001,
                270560,
                283104,
                1551138706.8721681,
                69151909720061
            ],
            "child_modules": {
                "_vcs_unit__918271579": 1,
                "std": 1,
                "testbench": 1
            },
            "end_perf": [
                0.36841487884521484,
                0.12116,
                0.056147000000000002,
                272948,
                283104,
                69151943538997,
                0,
                0
            ],
            "nRouts": 5,
            "nMops": 0,
            "nQuads": 0
        },
        "RS_CAM": {
            "start_perf": [
                0.39030790328979492,
                0.13250200000000001,
                0.059329,
                276324,
                283104,
                1551138706.9046359,
                69152013524060
            ],
            "child_modules": {},
            "Compiled": "Yes",
            "Compiled Times": 1,
            "end_perf": [
                0.41012692451477051,
                0.14077700000000001,
                0.063989000000000004,
                276616,
                283104,
                69152076803354,
                12884901889,
                0
            ],
            "nRouts": 35,
            "nMops": 1127,
            "nQuads": 331
        },
        "std": {
            "start_perf": [
                0.37897396087646484,
                0.123291,
                0.057207000000000001,
                275972,
                283104,
                1551138706.893302,
                69151977263702
            ],
            "child_modules": {},
            "Compiled": "Yes",
            "svclass": [
                "$vcs_nba_dyn_obj",
                385,
                37,
                2,
                2,
                0,
                "sigprop$$",
                385,
                37,
                2,
                2,
                0,
                "process",
                1645,
                184,
                8,
                8,
                0,
                "event",
                462,
                36,
                2,
                2,
                0,
                "mailbox",
                848,
                99,
                9,
                9,
                0,
                "semaphore",
                656,
                69,
                5,
                5,
                0
            ],
            "Compiled Times": 1,
            "end_perf": [
                0.39017701148986816,
                0.132412,
                0.059289000000000001,
                276324,
                283104,
                69152013116300,
                8589934594,
                0
            ],
            "nRouts": 33,
            "nMops": 462,
            "nQuads": 213
        },
        "_vcs_unit__918271579": {
            "start_perf": [
                0.36855506896972656,
                0.121251,
                0.056189000000000003,
                272948,
                283104,
                1551138706.8828831,
                69151943960992
            ],
            "child_modules": {},
            "Compiled": "Yes",
            "significant_routs": [
                [
                    1,
                    "M_VCSgd_nsE9z",
                    7302474,
                    165,
                    0
                ]
            ],
            "Compiled Times": 1,
            "end_perf": [
                0.37887096405029297,
                0.12322,
                0.057174000000000003,
                275972,
                283104,
                69151976978393,
                4294967297,
                0
            ],
            "nRouts": 5,
            "nMops": 0,
            "nQuads": 0
        },
        "PS": {
            "start_perf": [
                0.4102480411529541,
                0.14086000000000001,
                0.064027000000000001,
                276616,
                283104,
                1551138706.924576,
                69152077165783
            ],
            "child_modules": {},
            "Compiled": "Yes",
            "Compiled Times": 1,
            "end_perf": [
                0.42738103866577148,
                0.156197,
                0.065819000000000003,
                278120,
                283104,
                69152131739821,
                17179869185,
                0
            ],
            "nRouts": 54,
            "nMops": 2684,
            "nQuads": 593
        },
        "testbench": {
            "start_perf": [
                0.46695590019226074,
                0.194462,
                0.067124000000000003,
                279092,
                283104,
                1551138706.9812839,
                69152257974084
            ],
            "child_modules": {
                "RS": 1
            },
            "Compiled": "Yes",
            "Compiled Times": 1,
            "end_perf": [
                0.4820859432220459,
                0.209511,
                0.067200999999999997,
                281140,
                283104,
                69152306306355,
                30064771073,
                0
            ],
            "nRouts": 135,
            "nMops": 1604,
            "nQuads": 824
        },
        "RS": {
            "start_perf": [
                0.42745089530944824,
                0.156246,
                0.065838999999999995,
                278120,
                283104,
                1551138706.9417789,
                69152131930476
            ],
            "child_modules": {
                "PS": 6,
                "RS_CAM": 1
            },
            "Compiled": "Yes",
            "significant_routs": [
                [
                    47,
                    "R_VCSgd_AWvyK_2f",
                    19213495,
                    12747,
                    2592
                ]
            ],
            "Compiled Times": 1,
            "end_perf": [
                0.46690011024475098,
                0.19442100000000001,
                0.067110000000000003,
                279092,
                283104,
                69152257836595,
                25769803777,
                0
            ],
            "nRouts": 238,
            "nMops": 12214,
            "nQuads": 3946
        }
    },
    "CompUnits": {
        "amcQw_d": {
            "text": 458,
            "mod": "...MASTER...",
            "mode": 4,
            "out": "objs/amcQw_d.o",
            "bytes": 7866,
            "checksum": 0
        },
        "nsE9z_d": {
            "text": 205,
            "mod": "_vcs_unit__918271579",
            "mode": 4,
            "out": "nsE9z_d.o",
            "bytes": 12636,
            "archive": "archive.0/_6481_archive_1.a",
            "checksum": 0
        },
        "Tc18i_d": {
            "text": 15630,
            "mod": "PS",
            "mode": 4,
            "out": "Tc18i_d.o",
            "bytes": 29344,
            "archive": "archive.0/_6481_archive_1.a",
            "checksum": 0
        },