{
    "Modules": {
        "...MASTER...": {
            "nQuads": 0,
            "start_perf": [
                0.3788301944732666,
                0.146899,
                0.055210000000000002,
                270396,
                282888,
                1551058498.0165851,
                30214853659193
            ],
            "nRouts": 5,
            "nMops": 0,
            "child_modules": {
                "testbench": 1,
                "std": 1,
                "_vcs_unit__918271579": 1
            },
            "end_perf": [
                0.39640402793884277,
                0.150146,
                0.056304,
                271832,
                282888,
                30214909310485,
                0,
                0
            ]
        },
        "RS_CAM": {
            "nQuads": 331,
            "start_perf": [
                0.39970612525939941,
                0.15263099999999999,
                0.056520000000000001,
                271836,
                282888,
                1551058498.037461,
                30214919832849
            ],
            "nRouts": 35,
            "nMops": 1127,
            "child_modules": {},
            "Compiled": "Yes",
            "Compiled Times": 2,
            "end_perf": [
                0.40427899360656738,
                0.15421899999999999,
                0.057338,
                271836,
                282888,
                30214934450931,
                12884901889,
                0
            ]
        },
        "_vcs_unit__918271579": {
            "nQuads": 0,
            "start_perf": [
                0.39649415016174316,
                0.15020800000000001,
                0.056328000000000003,
                271832,
                282888,
                1551058498.0342491,
                30214909587099
            ],
            "nRouts": 5,
            "nMops": 0,
            "child_modules": {},
            "Compiled": "Yes",
            "Compiled Times": 2,
            "end_perf": [
                0.39774799346923828,
                0.15068599999999999,
                0.056507000000000002,
                271836,
                282888,
                30214913598687,
                4294967297,
                0
            ]
        },
        "testbench": {
            "nQuads": 339,
            "start_perf": [
                0.45367002487182617,
                0.19347800000000001,
                0.060524000000000001,
                278212,
                282888,
                1551058498.0914249,
                30215092086916
            ],
            "nRouts": 62,
            "nMops": 651,
            "child_modules": {
                "RS": 1
            },
            "Compiled": "Yes",
            "Compiled Times": 2,
            "end_perf": [
                0.4556431770324707,
                0.19446099999999999,
                0.061512999999999998,
                278212,
                282888,
                30215098401482,
                30064771073,
                0
            ]
        },
        "std": {
            "start_perf": [
                0.39779520034790039,
                0.15072099999999999,
                0.056520000000000001,
                271836,
                282888,
                1551058498.0355501,
                30214913733697
            ],
            "nQuads": 213,
            "nMops": 462,
            "nRouts": 33,
            "child_modules": {},
            "Compiled": "Yes",
            "Compiled Times": 2,
            "end_perf": [
                0.39965510368347168,
                0.15258099999999999,
                0.056520000000000001,
                271836,
                282888,
                30214919685981,
                8589934594,
                0
            ],
            "svclass": [
                "$vcs_nba_dyn_obj",
                0,
                37,
                2,
                2,
                0,
                "sigprop$$",
                0,
                37,
                2,
                2,
                0,
                "process",
                0,
                184,
                8,
                8,
                0,
                "event",
                0,
                36,
                2,
                2,
                0,
                "mailbox",
                0,
                99,
                9,
                9,
                0,
                "semaphore",
                0,
                69,
                5,
                5,
                0
            ]
        },
        "RS": {
            "start_perf": [
                0.4043271541595459,
                0.154254,
                0.057349999999999998,
                271836,
                282888,
                1551058498.0420821,
                30214934582396
            ],
            "nQuads": 5634,
            "nMops": 17830,
            "nRouts": 202,
            "child_modules": {
                "RS_CAM": 1
            },
            "Compiled": "Yes",
            "Compiled Times": 2,
            "significant_routs": [
                [
                    27,
                    "R_VCSgd_AWvyK_1b",
                    10636538,
                    8749,
                    1495
                ],
                [
                    47,
                    "R_VCSgd_AWvyK_2f",
                    10770403,
                    8523,
                    1762
                ]
            ],
            "end_perf": [
                0.4536139965057373,
                0.193435,
                0.060510000000000001,
                278212,
                282888,
                30215091947605,
                25769803777,
                0
            ]
        }
    },
    "CompUnits": {
        "AWvyK_d": {
            "checksum": 0,
            "mod": "RS",
            "out": "AWvyK_d.o",
            "bytes": 99402,
            "text": 56072,
            "mode": 4,
            "archive": "archive.1/_6785_archive_1.a"
        }
    },
    "reusePaths": {
        "amcQw_d": {
            "icPath": "csrc"
        },
        "iAVhC_d": {
            "icPath": "csrc"
        },
        "iZACG_d": {
            "icPath": "csrc"
        },
        "nsE9z_d": {
            "icPath": "csrc"
        },
        "reYIK_d": {
            "icPath": "csrc"
        }
    },
    "ObjArchives": [
        {
            "archive": "archive.1/_6785_archive_1.a",
            "objects": [
                [
                    "AWvyK_d.o",
                    99402
                ],
                [
                    "amcQwB.o",
                    66298
                ]
            ],
            "size": 165700
        }
    ],
    "stat": {
        "ru_self_end": {
            "ru_stime_sec": 0.072233000000000006,
            "ru_utime_sec": 0.19620000000000001,
            "ru_majflt": 0,
            "ru_maxrss_kb": 85360,
            "ru_minflt": 27862,
            "ru_nvcsw": 159,
            "ru_nivcsw": 352
        },
        "ru_childs_end": {
            "ru_stime_sec": 0.017672,
            "ru_utime_sec": 0.010433,
            "ru_majflt": 0,
            "ru_maxrss_kb": 25156,
            "ru_minflt": 6953,
            "ru_nvcsw": 19,
            "ru_nivcsw": 8
        },
        "cpu_cycles_end": 30215192892753,
        "peak_mem_kb": 282888
    }
}