{
    "Modules": {
        "std": {
            "start_perf": [
                0.34618997573852539,
                0.118463,
                0.054295000000000003,
                274068,
                283160,
                1551137510.933881,
                65334429427770
            ],
            "Compiled Times": 17,
            "Compiled": "Yes",
            "child_modules": {},
            "end_perf": [
                0.34888887405395508,
                0.120937,
                0.054521,
                274068,
                283160,
                65334438087590,
                8589934594,
                0
            ],
            "nQuads": 213,
            "svclass": [
                "$vcs_nba_dyn_obj",
                0,
                37,
                2,
                2,
                0,
                "sigprop$$",
                0,
                37,
                2,
                2,
                0,
                "process",
                0,
                184,
                8,
                8,
                0,
                "event",
                0,
                36,
                2,
                2,
                0,
                "mailbox",
                0,
                99,
                9,
                9,
                0,
                "semaphore",
                0,
                69,
                5,
                5,
                0
            ],
            "nMops": 462,
            "nRouts": 33
        },
        "...MASTER...": {
            "start_perf": [
                0.32521891593933105,
                0.115108,
                0.051700999999999997,
                270660,
                283160,
                1551137510.91291,
                65334362457861
            ],
            "child_modules": {
                "std": 1,
                "testbench": 1,
                "_vcs_unit__918271579": 1
            },
            "nQuads": 0,
            "end_perf": [
                0.33716988563537598,
                0.11751300000000001,
                0.052338000000000003,
                272112,
                283160,
                65334400660461,
                0,
                0
            ],
            "nMops": 0,
            "nRouts": 5
        },
        "_vcs_unit__918271579": {
            "Compiled Times": 17,
            "start_perf": [
                0.33729386329650879,
                0.11759500000000001,
                0.052373999999999997,
                272112,
                283160,
                1551137510.9249849,
                65334401039195
            ],
            "Compiled": "Yes",
            "child_modules": {},
            "nQuads": 0,
            "end_perf": [
                0.34612298011779785,
                0.118418,
                0.054274000000000003,
                274068,
                283160,
                65334429242584,
                4294967297,
                0
            ],
            "nMops": 0,
            "nRouts": 5
        },
        "testbench": {
            "Compiled Times": 17,
            "start_perf": [
                0.40412282943725586,
                0.17043700000000001,
                0.058463000000000001,
                279176,
                283160,
                1551137510.9918139,
                65334614309170
            ],
            "Compiled": "Yes",
            "child_modules": {
                "RS": 1
            },
            "nQuads": 824,
            "end_perf": [
                0.41365885734558105,
                0.17982000000000001,
                0.058615,
                279176,
                283160,
                65334644769425,
                30064771073,
                0
            ],
            "nMops": 1604,
            "nRouts": 135
        },
        "RS_CAM": {
            "Compiled Times": 17,
            "start_perf": [
                0.34897398948669434,
                0.121022,
                0.054521,
                274068,
                283160,
                1551137510.9366651,
                65334438332699
            ],
            "Compiled": "Yes",
            "child_modules": {},
            "nQuads": 331,
            "end_perf": [
                0.35441684722900391,
                0.124677,
                0.054521,
                274068,
                283160,
                65334455731596,
                12884901889,
                0
            ],
            "nMops": 1127,
            "nRouts": 35
        },
        "RS": {
            "start_perf": [
                0.35922503471374512,
                0.128607,
                0.055398999999999997,
                274224,
                283160,
                1551137510.9469161,
                65334471052406
            ],
            "Compiled Times": 17,
            "Compiled": "Yes",
            "child_modules": {
                "PS": 6,
                "RS_CAM": 1
            },
            "significant_routs": [
                [
                    47,
                    "R_VCSgd_AWvyK_2f",
                    19339894,
                    12747,
                    2592
                ],
                [
                    67,
                    "R_VCSgd_AWvyK_43",
                    5003720,
                    3305,
                    600
                ],
                [
                    114,
                    "R_VCSgd_AWvyK_72",
                    6632297,
                    4012,
                    417
                ]
            ],
            "end_perf": [
                0.40406584739685059,
                0.17039399999999999,
                0.058449000000000001,
                279176,
                283160,
                65334614175227,
                25769803777,
                0
            ],
            "nQuads": 3946,
            "nMops": 12214,
            "nRouts": 238
        },
        "PS": {
            "Compiled Times": 9,
            "start_perf": [
                0.35448694229125977,
                0.124747,
                0.054521,
                274068,
                283160,
                1551137510.942178,
                65334455928526
            ],
            "Compiled": "Yes",
            "child_modules": {},
            "nQuads": 593,
            "end_perf": [
                0.35915493965148926,
                0.128557,
                0.055377999999999997,
                274224,
                283160,
                65334470857129,
                17179869185,
                0
            ],
            "nMops": 2684,
            "nRouts": 54
        }
    },
    "ObjArchives": [
        {
            "size": 203228,
            "archive": "archive.16/_3478_archive_1.a",
            "objects": [
                [
                    "nsE9z_d.o",
                    12636
                ],
                [
                    "AWvyK_d.o",
                    119780
                ],
                [
                    "amcQwB.o",
                    70812
                ]
            ]
        }
    ],
    "CompUnits": {
        "nsE9z_d": {
            "out": "nsE9z_d.o",
            "mod": "_vcs_unit__918271579",
            "archive": "archive.16/_3478_archive_1.a",
            "bytes": 12636,
            "checksum": 0,
            "text": 205,
            "mode": 4
        },
        "AWvyK_d": {
            "out": "AWvyK_d.o",
            "mod": "RS",
            "archive": "archive.16/_3478_archive_1.a",
            "bytes": 119780,
            "checksum": 0,
            "text": 67032,
            "mode": 4
        }
    },
    "reusePaths": {
        "Tc18i_d": {
            "icPath": "csrc"
        },
        "amcQw_d": {
            "icPath": "csrc"
        },
        "reYIK_d": {
            "icPath": "csrc"
        },
        "iZACG_d": {
            "icPath": "csrc"
        },