{
    "stat": {
        "cpu_cycles_end": 31562063688718,
        "ru_self_end": {
            "ru_utime_sec": 0.19048100000000001,
            "ru_minflt": 29000,
            "ru_stime_sec": 0.070806999999999995,
            "ru_maxrss_kb": 86596,
            "ru_nvcsw": 448,
            "ru_majflt": 0,
            "ru_nivcsw": 100
        },
        "ru_childs_end": {
            "ru_utime_sec": 0.021968000000000001,
            "ru_minflt": 6347,
            "ru_stime_sec": 0.022485000000000002,
            "ru_maxrss_kb": 25156,
            "ru_nvcsw": 30,
            "ru_majflt": 0,
            "ru_nivcsw": 6
        },
        "peak_mem_kb": 282968
    },
    "Modules": {
        "psel_single_0000": {
            "Compiled": "Yes",
            "start_perf": [
                0.47938990592956543,
                0.159494,
                0.065791000000000002,
                277028,
                282968,
                1553731030.722327,
                31561848617160
            ],
            "child_modules": {},
            "end_perf": [
                0.48729896545410156,
                0.16739899999999999,
                0.065791000000000002,
                277028,
                282968,
                31561877130290,
                30064771073,
                0
            ],
            "Compiled Times": 1,
            "nQuads": 659,
            "nMops": 3553,
            "nRouts": 38
        },
        "psel_generic": {
            "Compiled": "Yes",
            "start_perf": [
                0.47716689109802246,
                0.158139,
                0.064926999999999999,
                277028,
                282968,
                1553731030.720104,
                31561840658882
            ],
            "child_modules": {
                "psel_single_0000": 3
            },
            "end_perf": [
                0.47932982444763184,
                0.15945100000000001,
                0.065772999999999998,
                277028,
                282968,
                31561848469028,
                25769803777,
                0
            ],
            "Compiled Times": 1,
            "nQuads": 50,
            "nMops": 296,
            "nRouts": 12
        },
        "...MASTER...": {
            "start_perf": [
                0.4147498607635498,
                0.12703,
                0.056013,
                270576,
                282968,
                1553731030.6576869,
                31561615924882
            ],
            "child_modules": {
                "std": 1,
                "CAM": 1,
                "testbench": 1,
                "_vcs_unit__2656410320": 1,
                "encoder": 1,
                "psel_generic": 1
            },
            "end_perf": [
                0.42546701431274414,
                0.12703,
                0.059563999999999999,
                275016,
                282968,
                31561654535554,
                0,
                0
            ],
            "nQuads": 0,
            "nMops": 0,
            "nRouts": 5
        },
        "encoder": {
            "Compiled": "Yes",
            "start_perf": [
                0.47185087203979492,
                0.15282799999999999,
                0.064926999999999999,
                277028,
                282968,
                1553731030.714788,
                31561821525088
            ],
            "child_modules": {},
            "end_perf": [
                0.47711586952209473,
                0.15808900000000001,
                0.064926999999999999,
                277028,
                282968,
                31561840462784,
                21474836481,
                0
            ],
            "Compiled Times": 1,
            "nQuads": 270,
            "nMops": 1000,
            "nRouts": 31
        },
        "_vcs_unit__2656410320": {
            "Compiled": "Yes",
            "start_perf": [
                0.42556500434875488,
                0.12703,
                0.059657000000000002,
                275016,
                282968,
                1553731030.6685021,
                31561654861280
            ],
            "child_modules": {},
            "significant_routs": [
                [
                    1,
                    "R_VCSgd_cAMZF_1",
                    8969148,
                    339,
                    43
                ]
            ],
            "Compiled Times": 1,
            "end_perf": [
                0.43481802940368652,
                0.12765099999999999,
                0.061830999999999997,
                276188,
                282968,
                31561688200506,
                4294967297,
                0
            ],
            "nQuads": 12,
            "nMops": 43,
            "nRouts": 6
        },
        "std": {
            "Compiled": "Yes",
            "start_perf": [
                0.43487286567687988,
                0.127688,
                0.061849000000000001,
                276188,
                282968,
                1553731030.67781,
                31561688362344
            ],
            "child_modules": {},
            "svclass": [
                "$vcs_nba_dyn_obj",
                385,
                37,
                2,
                2,
                0,
                "sigprop$$",
                385,
                37,
                2,
                2,
                0,
                "process",
                1645,
                184,
                8,
                8,
                0,
                "event",
                462,
                36,
                2,
                2,
                0,
                "mailbox",
                848,
                99,
                9,
                9,
                0,
                "semaphore",
                656,
                69,
                5,
                5,
                0
            ],
            "Compiled Times": 1,
            "end_perf": [
                0.43993592262268066,
                0.131635,
                0.062826000000000007,
                276348,
                282968,
                31561706632084,
                8589934594,
                0
            ],
            "nQuads": 213,
            "nMops": 462,
            "nRouts": 33
        },
        "testbench": {
            "Compiled": "Yes",
            "start_perf": [
                0.48735284805297852,
                0.16745199999999999,
                0.065791000000000002,
                277028,
                282968,
                1553731030.7302899,
                31561877287770
            ],
            "child_modules": {},
            "end_perf": [
                0.5065000057220459,
                0.18455099999999999,
                0.067835000000000006,
                278700,
                282968,
                31561946259302,
                34359738369,
                0
            ],
            "Compiled Times": 1,
            "nQuads": 806,
            "nMops": 1932,
            "nRouts": 112
        },
        "CAM": {
            "Compiled": "Yes",
            "start_perf": [
                0.43999695777893066,
                0.13167699999999999,
                0.062844999999999998,
                276348,
                282968,
                1553731030.682934,
                31561706810694
            ],
            "child_modules": {},
            "end_perf": [
                0.47178983688354492,
                0.152785,
                0.064907999999999993,
                277028,
                282968,
                31561821320326,
                17179869185,
                0
            ],
            "Compiled Times": 1,
            "nQuads": 2543,
            "nMops": 9615,
            "nRouts": 267
        }
    },
    "CompUnits": {
        "amcQw_d": {
            "mod": "...MASTER...",
            "checksum": 0,