{
    "MlibObjs": {},
    "cycles_program_begin": 28197011785082,
    "SIMBData": {
        "archive": "archive.0/_7628_archive_1.a",
        "out": "amcQwB.o",
        "bytes": 74008,
        "text": 0
    },
    "NameTable": {
        "std": [
            "std",
            "reYIK",
            "module",
            1
        ],
        "testbench": [
            "testbench",
            "iAVhC",
            "module",
            2
        ],
        "...MASTER...": [
            "SIM",
            "amcQw",
            "module",
            3
        ]
    },
    "perf": [
        [
            0.1701970100402832,
            0.038309000000000003,
            0.025203,
            266900,
            267516,
            1552852351.491678,
            28197516155497,
            "doParsingAndDesignResolution",
            "entry"
        ],
        [
            0.18773698806762695,
            0.048030999999999997,
            0.033021000000000002,
            267796,
            268444,
            1552852351.509218,
            28197571947536,
            "doParsingAndDesignResolution",
            "exit"
        ],
        [
            0.18787693977355957,
            0.048114999999999998,
            0.033078999999999997,
            267796,
            268444,
            1552852351.5093579,
            28197572342274,
            "doPostDesignResolutionToVir2Vcs",
            "entry"
        ],
        [
            0.21420907974243164,
            0.053675,
            0.038975999999999997,
            268956,
            268960,
            1552852351.5356901,
            28197656318143,
            "doUptoVir2VcsNoSepCleanup",
            "entry"
        ],
        [
            0.30500507354736328,
            0.093271000000000007,
            0.046110999999999999,
            269528,
            281872,
            1552852351.6264861,
            28197946222755,
            "doUptoVir2VcsNoSepCleanup",
            "exit"
        ],
        [
            0.30514907836914062,
            0.093368000000000007,
            0.046158999999999999,
            269528,
            281872,
            1552852351.6266301,
            28197946614440,
            "doRadify_vir2vcsAll",
            "entry"
        ],
        [
            0.31778407096862793,
            0.096689999999999998,
            0.051430999999999998,
            271336,
            281872,
            1552852351.6392651,
            28197987215010,
            "doRadify_vir2vcsAll",
            "exit"
        ],
        [
            0.31796097755432129,
            0.096807000000000004,
            0.051492999999999997,
            271336,
            281872,
            1552852351.639442,
            28197987684153,
            "doPostDesignResolutionToVir2Vcs",
            "exit"
        ],
        [
            0.3180999755859375,
            0.096897999999999998,
            0.051540999999999997,
            271336,
            281872,
            1552852351.639581,
            28197988105074,
            "doGAToPass2",
            "entry"
        ],
        [
            0.37071394920349121,
            0.099949999999999997,
            0.053097999999999999,
            269780,
            281872,
            1552852351.6921949,
            28198155885132,
            "DoPass2",
            "entry"
        ],
        [
            0.48798298835754395,
            0.16054199999999999,
            0.067920999999999995,
            280884,
            281872,
            1552852351.809464,
            28198530125183,
            "DoPass2",
            "exit"
        ]
    ],
    "stat": {
        "ru_self_cgstart": {
            "ru_minflt": 24108,
            "ru_stime_sec": 0.053135000000000002,
            "ru_utime_sec": 0.10002,
            "ru_majflt": 0,
            "ru_maxrss_kb": 74372,
            "ru_nvcsw": 143,
            "ru_nivcsw": 5
        },
        "mopSpeed": 61878.400456831034,
        "peak_mem_kb": 281872,
        "cpu_cycles_total": 1674848278,
        "totalObjSize": 205810,
        "ru_childs_cgstart": {
            "ru_minflt": 6345,
            "ru_stime_sec": 0.014429000000000001,
            "ru_utime_sec": 0.0052240000000000003,
            "ru_majflt": 0,
            "ru_maxrss_kb": 24096,
            "ru_nvcsw": 17,
            "ru_nivcsw": 6
        },
        "cpu_cycles_cgstart": 28198156013338,
        "ru_childs_end": {
            "ru_minflt": 6345,
            "ru_stime_sec": 0.014429000000000001,
            "ru_utime_sec": 0.0052240000000000003,
            "ru_majflt": 0,
            "ru_maxrss_kb": 24096,
            "ru_nvcsw": 17,
            "ru_nivcsw": 6
        },
        "cpu_cycles_end": 28198686633360,
        "nMops": 3901,
        "mop/quad": 2.367111650485437,
        "realTime": 0.53716111183166504,
        "nQuads": 1648,
        "ru_self_end": {
            "ru_minflt": 27505,
            "ru_stime_sec": 0.068547999999999998,
            "ru_utime_sec": 0.16306300000000001,
            "ru_majflt": 0,
            "ru_maxrss_kb": 84644,
            "ru_nvcsw": 193,
            "ru_nivcsw": 5
        },
        "Frontend(%)": 62.538401659070509,
        "quadSpeed": 26140.887965356971,
        "outputSizePerQuad": 124.88470873786407,
        "CodeGen(%)": 37.461598340929484
    },
    "PrevCompiledModules": {},
    "CompileStrategy": "fullobj",
    "CompileProcesses": [
        "cgproc.7628.json"
    ],
    "CurCompileModules": [
        "...MASTER...",
        "...MASTER...",
        "std",
        "std",
        "testbench",
        "testbench"
    ],
    "cpu_cycles_pass2_start": 28198155917639,
    "CurCompileUdps": {},
    "incremental": "on",
    "LVLData": [
        "SIM"
    ],
    "PEModules": [],
    "Misc": {
        "vcs_version": "N-2017.12-SP2-1_Full64",
        "archive_dir": "archive.0",
        "vcs_build_date": "Build Date = Jul 14 2018 20:29:59",
        "daidir": "/afs/umich.edu/user/h/e/heewoo/Desktop/eecs470/FINAL/group10w19/BP/simv.daidir",
        "default_output_dir": "csrc",
        "csrc": "csrc",
        "csrc_abs": "/afs/umich.edu/user/h/e/heewoo/Desktop/eecs470/FINAL/group10w19/BP/csrc",
        "master_pid": 7628,
        "VCS_HOME": "/usr/caen/vcs-2017.12-SP2-1",
        "cwd": "/afs/umich.edu/user/h/e/heewoo/Desktop/eecs470/FINAL/group10w19/BP",
        "daidir_abs": "/afs/umich.edu/user/h/e/heewoo/Desktop/eecs470/FINAL/group10w19/BP/simv.daidir"
    },
    "rlimit": {
        "stack": -1,
        "data": -1
    },
    "CompileStatus": "Successful"
}