{
    "cycles_program_begin": 60076353977082,
    "rlimit": {
        "data": -1,
        "stack": -1
    },
    "PEModules": [],
    "perf": [
        [
            0.16967296600341797,
            0.031905000000000003,
            0.034896000000000003,
            266900,
            267516,
            1552862338.666851,
            60076853550211,
            "doParsingAndDesignResolution",
            "entry"
        ],
        [
            0.18812298774719238,
            0.043616000000000002,
            0.041633999999999997,
            267780,
            268428,
            1552862338.6853011,
            60076912333115,
            "doParsingAndDesignResolution",
            "exit"
        ],
        [
            0.18831491470336914,
            0.043714999999999997,
            0.041728000000000001,
            267780,
            268428,
            1552862338.685493,
            60076912866925,
            "doPostDesignResolutionToVir2Vcs",
            "entry"
        ],
        [
            0.21288299560546875,
            0.048437000000000001,
            0.049445999999999997,
            268948,
            268952,
            1552862338.7100611,
            60076991148665,
            "doUptoVir2VcsNoSepCleanup",
            "entry"
        ],
        [
            0.2723698616027832,
            0.065776000000000001,
            0.054643999999999998,
            269516,
            281860,
            1552862338.7695479,
            60077180925362,
            "doUptoVir2VcsNoSepCleanup",
            "exit"
        ],
        [
            0.27245187759399414,
            0.065821000000000005,
            0.054682000000000001,
            269516,
            281860,
            1552862338.76963,
            60077181147663,
            "doRadify_vir2vcsAll",
            "entry"
        ],
        [
            0.2809758186340332,
            0.068839999999999998,
            0.055482999999999998,
            271136,
            281860,
            1552862338.7781539,
            60077208443209,
            "doRadify_vir2vcsAll",
            "exit"
        ],
        [
            0.28105282783508301,
            0.068839999999999998,
            0.055559999999999998,
            271136,
            281860,
            1552862338.7782309,
            60077208630171,
            "doPostDesignResolutionToVir2Vcs",
            "exit"
        ],
        [
            0.28110885620117188,
            0.068839999999999998,
            0.055615999999999999,
            271136,
            281860,
            1552862338.7782869,
            60077208797477,
            "doGAToPass2",
            "entry"
        ],
        [
            0.3332369327545166,
            0.068839999999999998,
            0.059859999999999997,
            269580,
            281860,
            1552862338.830415,
            60077375215877,
            "DoPass2",
            "entry"
        ],
        [
            0.43721199035644531,
            0.122641,
            0.070517999999999997,
            280828,
            281860,
            1552862338.9343901,
            60077707071365,
            "DoPass2",
            "exit"
        ]
    ],
    "CurCompileUdps": {},
    "cpu_cycles_pass2_start": 60077375236061,
    "MlibObjs": {},
    "PrevCompiledModules": {},
    "Misc": {
        "csrc": "csrc",
        "vcs_version": "N-2017.12-SP2-1_Full64",
        "cwd": "/afs/umich.edu/user/h/e/heewoo/Desktop/eecs470/FINAL/group10w19/BP",
        "vcs_build_date": "Build Date = Jul 14 2018 20:29:59",
        "VCS_HOME": "/usr/caen/vcs-2017.12-SP2-1",
        "master_pid": 31965,
        "csrc_abs": "/afs/umich.edu/user/h/e/heewoo/Desktop/eecs470/FINAL/group10w19/BP/csrc",
        "daidir": "/afs/umich.edu/user/h/e/heewoo/Desktop/eecs470/FINAL/group10w19/BP/simv.daidir",
        "archive_dir": "archive.0",
        "daidir_abs": "/afs/umich.edu/user/h/e/heewoo/Desktop/eecs470/FINAL/group10w19/BP/simv.daidir",
        "default_output_dir": "csrc"
    },
    "CompileStrategy": "fullobj",
    "CompileProcesses": [
        "cgproc.31965.json"
    ],
    "NameTable": {
        "std": [
            "std",
            "reYIK",
            "module",
            1
        ],
        "testbench": [
            "testbench",
            "iAVhC",
            "module",
            2
        ],
        "...MASTER...": [
            "SIM",
            "amcQw",
            "module",
            3
        ]
    },
    "stat": {
        "ru_self_cgstart": {
            "ru_utime_sec": 0.068839999999999998,
            "ru_stime_sec": 0.059941000000000001,
            "ru_nivcsw": 5,
            "ru_nvcsw": 141,
            "ru_maxrss_kb": 74600,
            "ru_minflt": 24307,
            "ru_majflt": 0
        },
        "totalObjSize": 169654,
        "ru_childs_cgstart": {
            "ru_utime_sec": 0.015107000000000001,
            "ru_stime_sec": 0.0091210000000000006,
            "ru_nivcsw": 6,
            "ru_nvcsw": 17,
            "ru_maxrss_kb": 23960,
            "ru_minflt": 6345,
            "ru_majflt": 0
        },
        "peak_mem_kb": 281860,
        "nMops": 3303,
        "ru_self_end": {
            "ru_utime_sec": 0.12385500000000001,
            "ru_stime_sec": 0.072248000000000007,
            "ru_nivcsw": 5,
            "ru_nvcsw": 190,
            "ru_maxrss_kb": 84852,
            "ru_minflt": 27686,
            "ru_majflt": 0
        },
        "cpu_cycles_cgstart": 60077375309867,
        "outputSizePerQuad": 145.25171232876713,
        "nQuads": 1168,
        "cpu_cycles_end": 60077841273763,
        "Frontend(%)": 60.410040154862479,
        "ru_childs_end": {
            "ru_utime_sec": 0.015107000000000001,
            "ru_stime_sec": 0.0091210000000000006,
            "ru_nivcsw": 6,
            "ru_nvcsw": 17,
            "ru_maxrss_kb": 23960,
            "ru_minflt": 6345,
            "ru_majflt": 0
        },
        "cpu_cycles_total": 1487296681,
        "mopSpeed": 60038.171407797861,
        "quadSpeed": 21230.573479960007,
        "mop/quad": 2.8279109589041096,
        "CodeGen(%)": 39.589959845137528,
        "realTime": 0.47937202453613281
    },
    "CurCompileModules": [
        "...MASTER...",
        "...MASTER...",
        "std",
        "std",
        "testbench",
        "testbench"
    ],
    "SIMBData": {
        "out": "amcQwB.o",
        "bytes": 71130,
        "text": 0,
        "archive": "archive.0/_31965_archive_1.a"
    },
    "incremental": "on",
    "LVLData": [
        "SIM"
    ],
    "CompileStatus": "Successful"
}