{
    "cycles_program_begin": 24970644555254,
    "CurCompileUdps": {},
    "PrevCompiledModules": {},
    "stat": {
        "ru_childs_end": {
            "ru_minflt": 6345,
            "ru_utime_sec": 0.011719,
            "ru_nvcsw": 17,
            "ru_stime_sec": 0.016435000000000002,
            "ru_maxrss_kb": 24080,
            "ru_nivcsw": 6,
            "ru_majflt": 0
        },
        "quadSpeed": 27948.839412600657,
        "ru_self_end": {
            "ru_minflt": 27595,
            "ru_utime_sec": 0.13745599999999999,
            "ru_nvcsw": 191,
            "ru_stime_sec": 0.067128999999999994,
            "ru_maxrss_kb": 84196,
            "ru_nivcsw": 6,
            "ru_majflt": 0
        },
        "ru_self_cgstart": {
            "ru_minflt": 24289,
            "ru_utime_sec": 0.086791999999999994,
            "ru_nvcsw": 142,
            "ru_stime_sec": 0.060004000000000002,
            "ru_maxrss_kb": 74224,
            "ru_nivcsw": 6,
            "ru_majflt": 0
        },
        "cpu_cycles_cgstart": 24971766935477,
        "ru_childs_cgstart": {
            "ru_minflt": 6345,
            "ru_utime_sec": 0.011719,
            "ru_nvcsw": 17,
            "ru_stime_sec": 0.016435000000000002,
            "ru_maxrss_kb": 24080,
            "ru_nivcsw": 6,
            "ru_majflt": 0
        },
        "CodeGen(%)": 33.962795374560088,
        "nMops": 3461,
        "totalObjSize": 192124,
        "nQuads": 1416,
        "mop/quad": 2.4442090395480225,
        "Frontend(%)": 66.037204625439912,
        "cpu_cycles_end": 24972226044218,
        "cpu_cycles_total": 1581488964,
        "outputSizePerQuad": 135.68079096045199,
        "mopSpeed": 68312.805937154568,
        "peak_mem_kb": 281908,
        "realTime": 0.50815200805664062
    },
    "SIMBData": {
        "out": "amcQwB.o",
        "bytes": 73246,
        "archive": "archive.0/_1609_archive_1.a",
        "text": 0
    },
    "MlibObjs": {},
    "perf": [
        [
            0.1681370735168457,
            0.034930000000000003,
            0.029638000000000001,
            266900,
            267516,
            1552851340.731559,
            24971141595297,
            "doParsingAndDesignResolution",
            "entry"
        ],
        [
            0.18482708930969238,
            0.048964000000000001,
            0.032294999999999997,
            267788,
            268436,
            1552851340.7482491,
            24971194655149,
            "doParsingAndDesignResolution",
            "exit"
        ],
        [
            0.18497896194458008,
            0.049056000000000002,
            0.032356000000000003,
            267788,
            268436,
            1552851340.7484009,
            24971195079663,
            "doPostDesignResolutionToVir2Vcs",
            "entry"
        ],
        [
            0.20965194702148438,
            0.052364000000000001,
            0.039795999999999998,
            268956,
            268960,
            1552851340.7730739,
            24971273747759,
            "doUptoVir2VcsNoSepCleanup",
            "entry"
        ],
        [
            0.28812694549560547,
            0.078397999999999995,
            0.052971999999999998,
            269564,
            281908,
            1552851340.8515489,
            24971524451215,
            "doUptoVir2VcsNoSepCleanup",
            "exit"
        ],
        [
            0.28833198547363281,
            0.078521999999999995,
            0.053054999999999998,
            269564,
            281908,
            1552851340.851754,
            24971525022007,
            "doRadify_vir2vcsAll",
            "entry"
        ],
        [
            0.30309104919433594,
            0.085141999999999995,
            0.055710000000000003,
            271336,
            281908,
            1552851340.866513,
            24971572198320,
            "doRadify_vir2vcsAll",
            "exit"
        ],
        [
            0.30324006080627441,
            0.085233000000000003,
            0.05577,
            271336,
            281908,
            1552851340.866662,
            24971572599508,
            "doPostDesignResolutionToVir2Vcs",
            "exit"
        ],
        [
            0.3033599853515625,
            0.085306000000000007,
            0.055816999999999999,
            271336,
            281908,
            1552851340.8667819,
            24971572960837,
            "doGAToPass2",
            "entry"
        ],
        [
            0.36414194107055664,
            0.086738999999999997,
            0.059968,
            269780,
            281908,
            1552851340.9275639,
            24971766836237,
            "DoPass2",
            "entry"
        ],
        [
            0.45996403694152832,
            0.13509699999999999,
            0.066492999999999997,
            280812,
            281908,
            1552851341.023386,
            24972072658011,
            "DoPass2",
            "exit"
        ]
    ],
    "rlimit": {
        "data": -1,
        "stack": -1
    },
    "NameTable": {
        "std": [
            "std",
            "reYIK",
            "module",
            1
        ],
        "testbench": [
            "testbench",
            "iAVhC",
            "module",
            2
        ],
        "...MASTER...": [
            "SIM",
            "amcQw",
            "module",
            3
        ]
    },
    "CompileStrategy": "fullobj",
    "LVLData": [
        "SIM"
    ],
    "cpu_cycles_pass2_start": 24971766858889,
    "incremental": "on",
    "CurCompileModules": [
        "...MASTER...",
        "...MASTER...",
        "std",
        "std",
        "testbench",
        "testbench"
    ],
    "PEModules": [],
    "CompileProcesses": [
        "cgproc.1609.json"
    ],
    "Misc": {
        "csrc_abs": "/afs/umich.edu/user/h/e/heewoo/Desktop/eecs470/FINAL/group10w19/BP/csrc",
        "vcs_version": "N-2017.12-SP2-1_Full64",
        "vcs_build_date": "Build Date = Jul 14 2018 20:29:59",
        "cwd": "/afs/umich.edu/user/h/e/heewoo/Desktop/eecs470/FINAL/group10w19/BP",
        "master_pid": 1609,
        "VCS_HOME": "/usr/caen/vcs-2017.12-SP2-1",
        "daidir": "/afs/umich.edu/user/h/e/heewoo/Desktop/eecs470/FINAL/group10w19/BP/simv.daidir",
        "archive_dir": "archive.0",
        "csrc": "csrc",
        "daidir_abs": "/afs/umich.edu/user/h/e/heewoo/Desktop/eecs470/FINAL/group10w19/BP/simv.daidir",
        "default_output_dir": "csrc"
    },
    "CompileStatus": "Successful"
}