{
    "PEModules": [],
    "cycles_program_begin": 55176539599635,
    "perf": [
        [
            0.1689751148223877,
            0.032673000000000001,
            0.031546999999999999,
            266900,
            267516,
            1552860803.650588,
            55177039554222,
            "doParsingAndDesignResolution",
            "entry"
        ],
        [
            0.18553709983825684,
            0.044263999999999998,
            0.036517000000000001,
            267712,
            268360,
            1552860803.66715,
            55177092405117,
            "doParsingAndDesignResolution",
            "exit"
        ],
        [
            0.18574118614196777,
            0.044263999999999998,
            0.036722999999999999,
            267712,
            268360,
            1552860803.6673541,
            55177092952118,
            "doPostDesignResolutionToVir2Vcs",
            "entry"
        ],
        [
            0.21222710609436035,
            0.048057999999999997,
            0.045772,
            269028,
            269032,
            1552860803.69384,
            55177177347179,
            "doUptoVir2VcsNoSepCleanup",
            "entry"
        ],
        [
            0.28004217147827148,
            0.070932999999999996,
            0.055886999999999999,
            269520,
            281864,
            1552860803.7616551,
            55177394060894,
            "doUptoVir2VcsNoSepCleanup",
            "exit"
        ],
        [
            0.28028106689453125,
            0.071068000000000006,
            0.055993000000000001,
            269520,
            281864,
            1552860803.761894,
            55177394725321,
            "doRadify_vir2vcsAll",
            "entry"
        ],
        [
            0.29729318618774414,
            0.074750999999999998,
            0.062834000000000001,
            271140,
            281864,
            1552860803.7789061,
            55177449132776,
            "doRadify_vir2vcsAll",
            "exit"
        ],
        [
            0.29747796058654785,
            0.074852000000000002,
            0.062919000000000003,
            271140,
            281864,
            1552860803.7790909,
            55177449646950,
            "doPostDesignResolutionToVir2Vcs",
            "exit"
        ],
        [
            0.29763102531433105,
            0.074852000000000002,
            0.063072000000000003,
            271140,
            281864,
            1552860803.7792439,
            55177450076637,
            "doGAToPass2",
            "entry"
        ],
        [
            0.38567304611206055,
            0.076344999999999996,
            0.06762,
            269584,
            281864,
            1552860803.867286,
            55177730864485,
            "DoPass2",
            "entry"
        ],
        [
            0.51186919212341309,
            0.143426,
            0.083931000000000006,
            280812,
            281864,
            1552860803.9934821,
            55178133868009,
            "DoPass2",
            "exit"
        ]
    ],
    "CurCompileUdps": {},
    "CompileStatus": "Successful",
    "CompileStrategy": "fullobj",
    "NameTable": {
        "std": [
            "std",
            "reYIK",
            "module",
            1
        ],
        "testbench": [
            "testbench",
            "iAVhC",
            "module",
            2
        ],
        "...MASTER...": [
            "SIM",
            "amcQw",
            "module",
            3
        ]
    },
    "PrevCompiledModules": {},
    "MlibObjs": {},
    "cpu_cycles_pass2_start": 55177730881665,
    "Misc": {
        "cwd": "/afs/umich.edu/user/h/e/heewoo/Desktop/eecs470/FINAL/group10w19/BP",
        "vcs_version": "N-2017.12-SP2-1_Full64",
        "vcs_build_date": "Build Date = Jul 14 2018 20:29:59",
        "daidir_abs": "/afs/umich.edu/user/h/e/heewoo/Desktop/eecs470/FINAL/group10w19/BP/simv.daidir",
        "master_pid": 23354,
        "daidir": "/afs/umich.edu/user/h/e/heewoo/Desktop/eecs470/FINAL/group10w19/BP/simv.daidir",
        "VCS_HOME": "/usr/caen/vcs-2017.12-SP2-1",
        "archive_dir": "archive.0",
        "csrc": "csrc",
        "csrc_abs": "/afs/umich.edu/user/h/e/heewoo/Desktop/eecs470/FINAL/group10w19/BP/csrc",
        "default_output_dir": "csrc"
    },
    "CompileProcesses": [
        "cgproc.23354.json"
    ],
    "stat": {
        "cpu_cycles_cgstart": 55177730943360,
        "ru_self_cgstart": {
            "ru_nvcsw": 142,
            "ru_majflt": 0,
            "ru_utime_sec": 0.076383000000000006,
            "ru_stime_sec": 0.067653000000000005,
            "ru_maxrss_kb": 74572,
            "ru_minflt": 24426,
            "ru_nivcsw": 4
        },
        "outputSizePerQuad": 165.66594360086768,
        "ru_childs_cgstart": {
            "ru_nvcsw": 17,
            "ru_majflt": 0,
            "ru_utime_sec": 0.027104,
            "ru_stime_sec": 0.029354999999999999,
            "ru_maxrss_kb": 23936,
            "ru_minflt": 6345,
            "ru_nivcsw": 6
        },
        "ru_self_end": {
            "ru_nvcsw": 191,
            "ru_majflt": 0,
            "ru_utime_sec": 0.147448,
            "ru_stime_sec": 0.086545999999999998,
            "ru_maxrss_kb": 84764,
            "ru_minflt": 27786,
            "ru_nivcsw": 4
        },
        "nMops": 2440,
        "nQuads": 922,
        "mopSpeed": 34334.763948497864,
        "totalObjSize": 152744,
        "ru_childs_end": {
            "ru_nvcsw": 17,
            "ru_majflt": 0,
            "ru_utime_sec": 0.027104,
            "ru_stime_sec": 0.029354999999999999,
            "ru_maxrss_kb": 23936,
            "ru_minflt": 6345,
            "ru_nivcsw": 6
        },
        "cpu_cycles_end": 55178252257205,
        "cpu_cycles_total": 1712657570,
        "CodeGen(%)": 40.712796186809655,
        "quadSpeed": 12974.037852670095,
        "mop/quad": 2.6464208242950109,
        "Frontend(%)": 59.287203813190352,
        "peak_mem_kb": 281864,
        "realTime": 0.54923796653747559
    },
    "SIMBData": {
        "out": "amcQwB.o",
        "bytes": 70662,
        "text": 0,
        "archive": "archive.0/_23354_archive_1.a"
    },
    "incremental": "on",
    "CurCompileModules": [
        "...MASTER...",
        "...MASTER...",
        "std",
        "std",
        "testbench",
        "testbench"
    ],
    "LVLData": [
        "SIM"
    ],
    "rlimit": {
        "data": -1,
        "stack": -1
    }
}