{
    "cycles_program_begin": 79881267189842,
    "MlibObjs": {},
    "PEModules": [],
    "perf": [
        [
            0.16475415229797363,
            0.035938999999999999,
            0.033024999999999999,
            266900,
            267516,
            1552694470.3960321,
            79881813664858,
            "doParsingAndDesignResolution",
            "entry"
        ],
        [
            0.1821589469909668,
            0.048092000000000003,
            0.038276999999999999,
            267784,
            268432,
            1552694470.4134369,
            79881876061752,
            "doParsingAndDesignResolution",
            "exit"
        ],
        [
            0.18232512474060059,
            0.048184999999999999,
            0.038351999999999997,
            267784,
            268432,
            1552694470.4136031,
            79881876579308,
            "doPostDesignResolutionToVir2Vcs",
            "entry"
        ],
        [
            0.20303511619567871,
            0.052332999999999998,
            0.045548999999999999,
            268940,
            268944,
            1552694470.4343131,
            79881951023298,
            "doUptoVir2VcsNoSepCleanup",
            "entry"
        ],
        [
            0.25425815582275391,
            0.066675999999999999,
            0.058714000000000002,
            269408,
            281752,
            1552694470.4855361,
            79882135506000,
            "doUptoVir2VcsNoSepCleanup",
            "exit"
        ],
        [
            0.25440812110900879,
            0.066755999999999996,
            0.058784999999999997,
            269408,
            281752,
            1552694470.4856861,
            79882135969994,
            "doRadify_vir2vcsAll",
            "entry"
        ],
        [
            0.26346206665039062,
            0.068937999999999999,
            0.062942999999999999,
            271304,
            281752,
            1552694470.49474,
            79882168646904,
            "doRadify_vir2vcsAll",
            "exit"
        ],
        [
            0.26357698440551758,
            0.069054000000000004,
            0.062942999999999999,
            271304,
            281752,
            1552694470.4948549,
            79882168972828,
            "doPostDesignResolutionToVir2Vcs",
            "exit"
        ],
        [
            0.26366209983825684,
            0.069139999999999993,
            0.062942999999999999,
            271304,
            281752,
            1552694470.49494,
            79882169265130,
            "doGAToPass2",
            "entry"
        ],
        [
            0.34702801704406738,
            0.070069000000000006,
            0.072042999999999996,
            269748,
            281752,
            1552694470.578306,
            79882469678922,
            "DoPass2",
            "entry"
        ],
        [
            0.44695496559143066,
            0.126886,
            0.092189999999999994,
            280664,
            281752,
            1552694470.6782329,
            79882829018250,
            "DoPass2",
            "exit"
        ]
    ],
    "PrevCompiledModules": {},
    "CompileProcesses": [
        "cgproc.7432.json"
    ],
    "cpu_cycles_pass2_start": 79882469750358,
    "CurCompileModules": [
        "...MASTER...",
        "...MASTER...",
        "std",
        "std",
        "testbench",
        "testbench"
    ],
    "NameTable": {
        "std": [
            "std",
            "reYIK",
            "module",
            1
        ],
        "testbench": [
            "testbench",
            "iAVhC",
            "module",
            2
        ],
        "...MASTER...": [
            "SIM",
            "amcQw",
            "module",
            3
        ]
    },
    "SIMBData": {
        "out": "amcQwB.o",
        "bytes": 72576,
        "text": 0,
        "archive": "archive.0/_7432_archive_1.a"
    },
    "stat": {
        "nQuads": 1177,
        "ru_self_cgstart": {
            "ru_utime_sec": 0.070181999999999994,
            "ru_stime_sec": 0.072159000000000001,
            "ru_majflt": 0,
            "ru_maxrss_kb": 74528,
            "ru_minflt": 24189,
            "ru_nvcsw": 143,
            "ru_nivcsw": 9
        },
        "realTime": 0.46190094947814941,
        "totalObjSize": 179620,
        "outputSizePerQuad": 152.60832625318608,
        "ru_childs_cgstart": {
            "ru_utime_sec": 0.027078999999999999,
            "ru_stime_sec": 0.026845999999999998,
            "ru_majflt": 0,
            "ru_maxrss_kb": 24072,
            "ru_minflt": 6347,
            "ru_nvcsw": 20,
            "ru_nivcsw": 6
        },
        "ru_self_end": {
            "ru_utime_sec": 0.129025,
            "ru_stime_sec": 0.093018000000000003,
            "ru_majflt": 0,
            "ru_maxrss_kb": 84288,
            "ru_minflt": 27451,
            "ru_nvcsw": 192,
            "ru_nivcsw": 16
        },
        "cpu_cycles_cgstart": 79882469983608,
        "quadSpeed": 20002.379212480668,
        "nMops": 2997,
        "ru_childs_end": {
            "ru_utime_sec": 0.027078999999999999,
            "ru_stime_sec": 0.026845999999999998,
            "ru_majflt": 0,
            "ru_maxrss_kb": 24072,
            "ru_minflt": 6347,
            "ru_nvcsw": 20,
            "ru_nivcsw": 6
        },
        "cpu_cycles_end": 79882882459628,
        "cpu_cycles_total": 1615269786,
        "mopSpeed": 50932.141461176347,
        "peak_mem_kb": 281752,
        "mop/quad": 2.5463041631265932,
        "Frontend(%)": 62.305258033106128,
        "CodeGen(%)": 37.694741966893872
    },
    "CompileStrategy": "fullobj",
    "CurCompileUdps": {},
    "Misc": {
        "cwd": "/afs/umich.edu/user/h/e/heewoo/Desktop/eecs470/FINAL/group10w19/BP",
        "vcs_version": "N-2017.12-SP2-1_Full64",
        "vcs_build_date": "Build Date = Jul 14 2018 20:29:59",
        "VCS_HOME": "/usr/caen/vcs-2017.12-SP2-1",
        "master_pid": 7432,
        "csrc": "csrc",
        "csrc_abs": "/afs/umich.edu/user/h/e/heewoo/Desktop/eecs470/FINAL/group10w19/BP/csrc",
        "daidir_abs": "/afs/umich.edu/user/h/e/heewoo/Desktop/eecs470/FINAL/group10w19/BP/simv.daidir",
        "daidir": "/afs/umich.edu/user/h/e/heewoo/Desktop/eecs470/FINAL/group10w19/BP/simv.daidir",
        "default_output_dir": "csrc",
        "archive_dir": "archive.0"
    },
    "incremental": "on",
    "LVLData": [
        "SIM"
    ],
    "rlimit": {
        "data": -1,
        "stack": -1
    },
    "CompileStatus": "Successful"
}