{
    "CompileStatus": "Successful",
    "cpu_cycles_pass2_start": 19149513172616,
    "cycles_program_begin": 19148346233226,
    "perf": [
        [
            0.171051025390625,
            0.039208,
            0.037197000000000001,
            266900,
            267516,
            1552935746.356503,
            19148893696294,
            "doParsingAndDesignResolution",
            "entry"
        ],
        [
            0.18937206268310547,
            0.049572999999999999,
            0.045156000000000002,
            267656,
            268304,
            1552935746.374824,
            19148957513262,
            "doParsingAndDesignResolution",
            "exit"
        ],
        [
            0.18950700759887695,
            0.049708000000000002,
            0.045156000000000002,
            267656,
            268304,
            1552935746.374959,
            19148957913126,
            "doPostDesignResolutionToVir2Vcs",
            "entry"
        ],
        [
            0.21222496032714844,
            0.056960999999999998,
            0.049711999999999999,
            268828,
            268832,
            1552935746.3976769,
            19149037917048,
            "doUptoVir2VcsNoSepCleanup",
            "entry"
        ],
        [
            0.27747011184692383,
            0.086718000000000003,
            0.061799,
            269444,
            281788,
            1552935746.4629221,
            19149266361552,
            "doUptoVir2VcsNoSepCleanup",
            "exit"
        ],
        [
            0.27769804000854492,
            0.086851999999999999,
            0.061893999999999998,
            269444,
            281788,
            1552935746.46315,
            19149267062868,
            "doRadify_vir2vcsAll",
            "entry"
        ],
        [
            0.28895807266235352,
            0.093493000000000007,
            0.063334000000000001,
            271204,
            281788,
            1552935746.4744101,
            19149306612690,
            "doRadify_vir2vcsAll",
            "exit"
        ],
        [
            0.28912496566772461,
            0.093593999999999997,
            0.063402,
            271204,
            281788,
            1552935746.474577,
            19149307095528,
            "doPostDesignResolutionToVir2Vcs",
            "exit"
        ],
        [
            0.28925490379333496,
            0.093671000000000004,
            0.063453999999999997,
            271204,
            281788,
            1552935746.4747069,
            19149307560750,
            "doGAToPass2",
            "entry"
        ],
        [
            0.34799003601074219,
            0.094533000000000006,
            0.068386000000000002,
            269648,
            281788,
            1552935746.533442,
            19149513146174,
            "DoPass2",
            "entry"
        ],
        [
            0.43490195274353027,
            0.13233800000000001,
            0.088224999999999998,
            275512,
            281788,
            1552935746.6203539,
            19149817658638,
            "DoPass2",
            "exit"
        ]
    ],
    "MlibObjs": {},
    "PrevCompiledModules": {},
    "CompileStrategy": "fullobj",
    "NameTable": {
        "std": [
            "std",
            "reYIK",
            "module",
            1
        ],
        "testbench": [
            "testbench",
            "iAVhC",
            "module",
            2
        ],
        "...MASTER...": [
            "SIM",
            "amcQw",
            "module",
            3
        ]
    },
    "CompileProcesses": [
        "cgproc.22834.json"
    ],
    "SIMBData": {
        "text": 0,
        "out": "amcQwB.o",
        "bytes": 69470,
        "archive": "archive.0/_22834_archive_1.a"
    },
    "stat": {
        "ru_childs_end": {
            "ru_utime_sec": 0.014305999999999999,
            "ru_nivcsw": 7,
            "ru_stime_sec": 0.018561999999999999,
            "ru_maxrss_kb": 23812,
            "ru_minflt": 6344,
            "ru_nvcsw": 17,
            "ru_majflt": 0
        },
        "totalObjSize": 142790,
        "ru_self_cgstart": {
            "ru_utime_sec": 0.094586000000000003,
            "ru_nivcsw": 7,
            "ru_stime_sec": 0.068422999999999998,
            "ru_maxrss_kb": 72600,
            "ru_minflt": 23897,
            "ru_nvcsw": 136,
            "ru_majflt": 0
        },
        "CodeGen(%)": 27.308411214953267,
        "ru_childs_cgstart": {
            "ru_utime_sec": 0.014305999999999999,
            "ru_nivcsw": 7,
            "ru_stime_sec": 0.018561999999999999,
            "ru_maxrss_kb": 23812,
            "ru_minflt": 6344,
            "ru_nvcsw": 17,
            "ru_majflt": 0
        },
        "realTime": 0.46211791038513184,
        "cpu_cycles_cgstart": 19149513260692,
        "mopSpeed": 53608.09621589911,
        "nMops": 2193,
        "cpu_cycles_end": 19149912101960,
        "quadSpeed": 20753.886770313882,
        "nQuads": 849,
        "ru_self_end": {
            "ru_utime_sec": 0.135494,
            "ru_nivcsw": 7,
            "ru_stime_sec": 0.089983999999999995,
            "ru_maxrss_kb": 80508,
            "ru_minflt": 26745,
            "ru_nvcsw": 184,
            "ru_majflt": 0
        },
        "cpu_cycles_total": 1565868734,
        "mop/quad": 2.5830388692579507,
        "outputSizePerQuad": 168.18610129564192,
        "Frontend(%)": 72.691588785046733,
        "peak_mem_kb": 281788
    },
    "CurCompileUdps": {},
    "incremental": "on",
    "CurCompileModules": [
        "...MASTER...",
        "...MASTER...",
        "std",
        "std",
        "testbench",
        "testbench"
    ],
    "LVLData": [
        "SIM"
    ],
    "PEModules": [],
    "rlimit": {
        "stack": -1,
        "data": -1
    },
    "Misc": {
        "vcs_version": "N-2017.12-SP2-1_Full64",
        "cwd": "/home/heewoo/Desktop/eecs470/FINAL/group10w19/BP",
        "archive_dir": "archive.0",
        "vcs_build_date": "Build Date = Jul 14 2018 20:29:59",
        "master_pid": 22834,
        "VCS_HOME": "/usr/caen/vcs-2017.12-SP2-1",
        "csrc": "csrc",
        "csrc_abs": "/home/heewoo/Desktop/eecs470/FINAL/group10w19/BP/csrc",
        "daidir": "/home/heewoo/Desktop/eecs470/FINAL/group10w19/BP/simv.daidir",
        "daidir_abs": "/home/heewoo/Desktop/eecs470/FINAL/group10w19/BP/simv.daidir",
        "default_output_dir": "csrc"
    }
}