{
    "stat": {
        "ru_childs_end": {
            "ru_minflt": 6345,
            "ru_utime_sec": 0.011719,
            "ru_nvcsw": 17,
            "ru_stime_sec": 0.016435000000000002,
            "ru_maxrss_kb": 24080,
            "ru_nivcsw": 6,
            "ru_majflt": 0
        },
        "ru_self_end": {
            "ru_minflt": 27590,
            "ru_utime_sec": 0.13708699999999999,
            "ru_nvcsw": 188,
            "ru_stime_sec": 0.066948999999999995,
            "ru_maxrss_kb": 84196,
            "ru_nivcsw": 6,
            "ru_majflt": 0
        },
        "cpu_cycles_end": 24972206779610,
        "peak_mem_kb": 281908
    },
    "Modules": {
        "...MASTER...": {
            "child_modules": {
                "std": 1,
                "testbench": 1
            },
            "start_perf": [
                0.36427712440490723,
                0.086818999999999993,
                0.060023,
                269780,
                281908,
                1552851340.9276991,
                24971767221862
            ],
            "nQuads": 0,
            "end_perf": [
                0.3775019645690918,
                0.088270000000000001,
                0.062745999999999996,
                272184,
                281908,
                24971809499429,
                0,
                0
            ],
            "nMops": 0,
            "nRouts": 5
        },
        "std": {
            "Compiled Times": 1,
            "significant_routs": [
                [
                    1,
                    "T_VCSgd_reYIK_1_0",
                    8602482,
                    45,
                    8
                ],
                [
                    2,
                    "T_VCSgd_reYIK_2_0",
                    8657223,
                    45,
                    7
                ]
            ],
            "start_perf": [
                0.37761998176574707,
                0.088339000000000001,
                0.062795000000000004,
                272184,
                281908,
                1552851340.9410419,
                24971809846593
            ],
            "child_modules": {},
            "Compiled": "Yes",
            "end_perf": [
                0.39705300331115723,
                0.096937999999999996,
                0.065326999999999996,
                275816,
                281908,
                24971871978025,
                8589934594,
                0
            ],
            "nQuads": 213,
            "nMops": 462,
            "svclass": [
                "$vcs_nba_dyn_obj",
                385,
                37,
                2,
                2,
                0,
                "sigprop$$",
                385,
                37,
                2,
                2,
                0,
                "process",
                1645,
                184,
                8,
                8,
                0,
                "event",
                462,
                36,
                2,
                2,
                0,
                "mailbox",
                848,
                99,
                9,
                9,
                0,
                "semaphore",
                656,
                69,
                5,
                5,
                0
            ],
            "nRouts": 33
        },
        "testbench": {
            "Compiled Times": 1,
            "child_modules": {},
            "start_perf": [
                0.39716601371765137,
                0.097005999999999995,
                0.065374000000000002,
                275816,
                281908,
                1552851340.960588,
                24971872290661
            ],
            "Compiled": "Yes",
            "nQuads": 1203,
            "end_perf": [
                0.4338231086730957,
                0.133386,
                0.065651000000000001,
                278740,
                281908,
                24971989232048,
                12884901889,
                0
            ],
            "nMops": 2999,
            "nRouts": 135
        }
    },
    "CompUnits": {
        "amcQw_d": {
            "bytes": 7856,
            "mod": "...MASTER...",
            "out": "objs/amcQw_d.o",
            "checksum": 0,
            "text": 450,
            "mode": 4
        },
        "reYIK_d": {
            "bytes": 33076,
            "mod": "std",
            "cls": 4381,
            "out": "reYIK_d.o",
            "archive": "archive.0/_1609_archive_1.a",
            "checksum": 0,
            "text": 4662,
            "mode": 4
        },
        "iAVhC_d": {
            "bytes": 77946,
            "mod": "testbench",
            "out": "iAVhC_d.o",
            "archive": "archive.0/_1609_archive_1.a",
            "checksum": 0,
            "text": 20932,
            "mode": 4
        }
    },
    "ObjArchives": [
        {
            "archive": "archive.0/_1609_archive_1.a",
            "size": 184268,
            "objects": [
                [
                    "reYIK_d.o",
                    33076
                ],
                [
                    "iAVhC_d.o",
                    77946
                ],
                [
                    "amcQwB.o",
                    73246
                ]
            ]
        }
    ],
    "reusePaths": {}
}