{
    "ObjArchives": [
        {
            "archive": "archive.0/_7432_archive_1.a",
            "objects": [
                [
                    "reYIK_d.o",
                    33076
                ],
                [
                    "iAVhC_d.o",
                    66112
                ],
                [
                    "amcQwB.o",
                    72576
                ]
            ],
            "size": 171764
        }
    ],
    "Modules": {
        "...MASTER...": {
            "nMops": 0,
            "end_perf": [
                0.36263394355773926,
                0.074021000000000003,
                0.077968999999999997,
                272028,
                281752,
                79882525817520,
                0,
                0
            ],
            "start_perf": [
                0.34736514091491699,
                0.070235000000000006,
                0.072214,
                269748,
                281752,
                1552694470.5786431,
                79882470782250
            ],
            "nQuads": 0,
            "child_modules": {
                "std": 1,
                "testbench": 1
            },
            "nRouts": 5
        },
        "std": {
            "start_perf": [
                0.36288714408874512,
                0.074144000000000002,
                0.078099000000000002,
                272028,
                281752,
                1552694470.5941651,
                79882526659004
            ],
            "end_perf": [
                0.38704705238342285,
                0.087358000000000005,
                0.083432000000000006,
                275756,
                281752,
                79882613583450,
                8589934594,
                0
            ],
            "svclass": [
                "$vcs_nba_dyn_obj",
                385,
                37,
                2,
                2,
                0,
                "sigprop$$",
                385,
                37,
                2,
                2,
                0,
                "process",
                1645,
                184,
                8,
                8,
                0,
                "event",
                462,
                36,
                2,
                2,
                0,
                "mailbox",
                848,
                99,
                9,
                9,
                0,
                "semaphore",
                656,
                69,
                5,
                5,
                0
            ],
            "nQuads": 213,
            "child_modules": {},
            "Compiled": "Yes",
            "Compiled Times": 1,
            "significant_routs": [
                [
                    1,
                    "T_VCSgd_reYIK_1_0",
                    8817246,
                    45,
                    8
                ],
                [
                    2,
                    "T_VCSgd_reYIK_2_0",
                    8392172,
                    45,
                    7
                ],
                [
                    24,
                    "F_VCSgd_reYIK_24_0",
                    7337830,
                    990,
                    97
                ]
            ],
            "nMops": 462,
            "nRouts": 33
        },
        "testbench": {
            "nMops": 2535,
            "end_perf": [
                0.43309807777404785,
                0.12647,
                0.089912000000000006,
                278584,
                281752,
                79882779177120,
                12884901889,
                0
            ],
            "start_perf": [
                0.3871910572052002,
                0.087431999999999996,
                0.083502000000000007,
                275756,
                281752,
                1552694470.618469,
                79882614027844
            ],
            "nQuads": 964,
            "child_modules": {},
            "Compiled": "Yes",
            "nRouts": 102,
            "Compiled Times": 1
        }
    },
    "CompUnits": {
        "amcQw_d": {
            "mod": "...MASTER...",
            "out": "objs/amcQw_d.o",
            "bytes": 7856,
            "checksum": 0,
            "text": 450,
            "mode": 4
        },
        "reYIK_d": {
            "mod": "std",
            "out": "reYIK_d.o",
            "bytes": 33076,
            "checksum": 0,
            "text": 4662,
            "mode": 4,
            "cls": 4381,
            "archive": "archive.0/_7432_archive_1.a"
        },
        "iAVhC_d": {
            "mod": "testbench",
            "out": "iAVhC_d.o",
            "bytes": 66112,
            "checksum": 0,
            "text": 17636,
            "mode": 4,
            "archive": "archive.0/_7432_archive_1.a"
        }
    },
    "reusePaths": {},
    "stat": {
        "ru_self_end": {
            "ru_utime_sec": 0.12879299999999999,
            "ru_stime_sec": 0.092851000000000003,
            "ru_majflt": 0,
            "ru_maxrss_kb": 84288,
            "ru_minflt": 27446,
            "ru_nvcsw": 189,
            "ru_nivcsw": 16
        },
        "peak_mem_kb": 281752,
        "ru_childs_end": {
            "ru_utime_sec": 0.027078999999999999,
            "ru_stime_sec": 0.026845999999999998,
            "ru_majflt": 0,
            "ru_maxrss_kb": 24072,
            "ru_minflt": 6347,
            "ru_nvcsw": 20,
            "ru_nivcsw": 6
        },
        "cpu_cycles_end": 79882871661182
    }
}