{
    "reusePaths": {},
    "Modules": {
        "...MASTER...": {
            "start_perf": [
                0.37870502471923828,
                0.069419999999999996,
                0.063978999999999994,
                269756,
                281760,
                1552850785.041275,
                23197362998595
            ],
            "child_modules": {
                "std": 1,
                "testbench": 1
            },
            "nRouts": 5,
            "end_perf": [
                0.39764595031738281,
                0.074882000000000004,
                0.068640999999999994,
                272036,
                281760,
                23197423580973,
                0,
                0
            ],
            "nQuads": 0,
            "nMops": 0
        },
        "std": {
            "start_perf": [
                0.39792108535766602,
                0.075025999999999995,
                0.068773000000000001,
                272036,
                281760,
                1552850785.0604911,
                23197424399637
            ],
            "child_modules": {},
            "nMops": 462,
            "Compiled": "Yes",
            "svclass": [
                "$vcs_nba_dyn_obj",
                385,
                37,
                2,
                2,
                0,
                "sigprop$$",
                385,
                37,
                2,
                2,
                0,
                "process",
                1645,
                184,
                8,
                8,
                0,
                "event",
                462,
                36,
                2,
                2,
                0,
                "mailbox",
                848,
                99,
                9,
                9,
                0,
                "semaphore",
                656,
                69,
                5,
                5,
                0
            ],
            "Compiled Times": 1,
            "significant_routs": [
                [
                    1,
                    "T_VCSgd_reYIK_1_0",
                    10565173,
                    45,
                    8
                ],
                [
                    2,
                    "T_VCSgd_reYIK_2_0",
                    10605657,
                    45,
                    7
                ],
                [
                    24,
                    "F_VCSgd_reYIK_24_0",
                    7234430,
                    990,
                    97
                ]
            ],
            "nRouts": 33,
            "end_perf": [
                0.42815208435058594,
                0.091972999999999999,
                0.073160000000000003,
                275796,
                281760,
                23197520961998,
                8589934594,
                0
            ],
            "nQuads": 213
        },
        "testbench": {
            "start_perf": [
                0.42835497856140137,
                0.092087000000000002,
                0.073250999999999997,
                275796,
                281760,
                1552850785.090925,
                23197521537581
            ],
            "child_modules": {},
            "nMops": 2369,
            "Compiled": "Yes",
            "Compiled Times": 1,
            "nRouts": 99,
            "end_perf": [
                0.4520719051361084,
                0.11426500000000001,
                0.074790999999999996,
                278660,
                281760,
                23197596946999,
                12884901889,
                0
            ],
            "nQuads": 942
        }
    },
    "CompUnits": {
        "amcQw_d": {
            "mode": 4,
            "bytes": 7856,
            "mod": "...MASTER...",
            "out": "objs/amcQw_d.o",
            "text": 450,
            "checksum": 0
        },
        "iAVhC_d": {
            "mode": 4,
            "bytes": 65198,
            "mod": "testbench",
            "archive": "archive.0/_29808_archive_1.a",
            "out": "iAVhC_d.o",
            "text": 16620,
            "checksum": 0
        },
        "reYIK_d": {
            "mode": 4,
            "bytes": 33076,
            "mod": "std",
            "archive": "archive.0/_29808_archive_1.a",
            "out": "reYIK_d.o",
            "text": 4662,
            "checksum": 0,
            "cls": 4381
        }
    },
    "ObjArchives": [
        {
            "size": 170992,
            "archive": "archive.0/_29808_archive_1.a",
            "objects": [
                [
                    "reYIK_d.o",
                    33076
                ],
                [
                    "iAVhC_d.o",
                    65198
                ],
                [
                    "amcQwB.o",
                    72718
                ]
            ]
        }
    ],
    "stat": {
        "cpu_cycles_end": 23197808839887,
        "ru_self_end": {
            "ru_nivcsw": 4,
            "ru_utime_sec": 0.115287,
            "ru_maxrss_kb": 84256,
            "ru_stime_sec": 0.078604999999999994,
            "ru_minflt": 27488,
            "ru_majflt": 0,
            "ru_nvcsw": 187
        },
        "ru_childs_end": {
            "ru_nivcsw": 6,
            "ru_utime_sec": 0.030787999999999999,
            "ru_maxrss_kb": 24072,
            "ru_stime_sec": 0.027612000000000001,
            "ru_minflt": 6345,
            "ru_majflt": 0,
            "ru_nvcsw": 17
        },
        "peak_mem_kb": 281760
    }
}