{
    "cycles_program_begin": 60555457257444,
    "rlimit": {
        "data": -1,
        "stack": -1
    },
    "CompileStrategy": "fullobj",
    "CurCompileUdps": {},
    "perf": [
        [
            0.15725588798522949,
            0.033773999999999998,
            0.028806999999999999,
            266900,
            267516,
            1553379470.6913109,
            60555975588262,
            "doParsingAndDesignResolution",
            "entry"
        ],
        [
            0.1821129322052002,
            0.049595,
            0.037844000000000003,
            267960,
            268608,
            1553379470.7161679,
            60556064874666,
            "doParsingAndDesignResolution",
            "exit"
        ],
        [
            0.18225502967834473,
            0.049737000000000003,
            0.037844000000000003,
            267960,
            268608,
            1553379470.71631,
            60556065305428,
            "doPostDesignResolutionToVir2Vcs",
            "entry"
        ],
        [
            0.2046511173248291,
            0.059014999999999998,
            0.041716999999999997,
            269100,
            269104,
            1553379470.7387061,
            60556145911276,
            "doUptoVir2VcsNoSepCleanup",
            "entry"
        ],
        [
            0.25449490547180176,
            0.082612000000000005,
            0.048534000000000001,
            269796,
            282140,
            1553379470.7885499,
            60556325324226,
            "doUptoVir2VcsNoSepCleanup",
            "exit"
        ],
        [
            0.25458312034606934,
            0.082668000000000005,
            0.048566999999999999,
            269796,
            282140,
            1553379470.7886381,
            60556325588312,
            "doRadify_vir2vcsAll",
            "entry"
        ],
        [
            0.26163291931152344,
            0.085357000000000002,
            0.049965000000000002,
            271656,
            282140,
            1553379470.7956879,
            60556351016118,
            "doRadify_vir2vcsAll",
            "exit"
        ],
        [
            0.26169705390930176,
            0.085420999999999997,
            0.049965000000000002,
            271656,
            282140,
            1553379470.795752,
            60556351194800,
            "doPostDesignResolutionToVir2Vcs",
            "exit"
        ],
        [
            0.26174402236938477,
            0.085468000000000002,
            0.049965000000000002,
            271656,
            282140,
            1553379470.795799,
            60556351355872,
            "doGAToPass2",
            "entry"
        ],
        [
            0.3060309886932373,
            0.086883000000000002,
            0.053151999999999998,
            270100,
            282140,
            1553379470.840086,
            60556510921832,
            "DoPass2",
            "entry"
        ],
        [
            0.40056800842285156,
            0.14425299999999999,
            0.068118999999999999,
            281728,
            282140,
            1553379470.934623,
            60556851131296,
            "DoPass2",
            "exit"
        ]
    ],
    "CompileProcesses": [
        "cgproc.1516.json"
    ],
    "CurCompileModules": [
        "...MASTER...",
        "...MASTER...",
        "_vcs_unit__1509417242",
        "_vcs_unit__1509417242",
        "std",
        "std",
        "testbench",
        "testbench"
    ],
    "cpu_cycles_pass2_start": 60556510955566,
    "MlibObjs": {},
    "PrevCompiledModules": {},
    "stat": {
        "ru_self_cgstart": {
            "ru_utime_sec": 0.086953000000000003,
            "ru_stime_sec": 0.053194999999999999,
            "ru_maxrss_kb": 74600,
            "ru_minflt": 24304,
            "ru_nivcsw": 5,
            "ru_majflt": 0,
            "ru_nvcsw": 138
        },
        "mopSpeed": 128349.33310678789,
        "cpu_cycles_cgstart": 60556511071956,
        "ru_childs_cgstart": {
            "ru_utime_sec": 0.012855,
            "ru_stime_sec": 0.010925000000000001,
            "ru_maxrss_kb": 24364,
            "ru_minflt": 6347,
            "ru_nivcsw": 6,
            "ru_majflt": 0,
            "ru_nvcsw": 17
        },
        "nQuads": 2301,
        "nMops": 7554,
        "totalObjSize": 229354,
        "ru_self_end": {
            "ru_utime_sec": 0.14580799999999999,
            "ru_stime_sec": 0.069384000000000001,
            "ru_maxrss_kb": 85468,
            "ru_minflt": 27487,
            "ru_nivcsw": 5,
            "ru_majflt": 0,
            "ru_nvcsw": 191
        },
        "Frontend(%)": 62.90565538279246,
        "ru_childs_end": {
            "ru_utime_sec": 0.012855,
            "ru_stime_sec": 0.010925000000000001,
            "ru_maxrss_kb": 24364,
            "ru_minflt": 6347,
            "ru_nivcsw": 6,
            "ru_majflt": 0,
            "ru_nvcsw": 17
        },
        "quadSpeed": 39096.083595276534,
        "cpu_cycles_end": 60556900279168,
        "cpu_cycles_total": 1443021724,
        "mop/quad": 3.2829204693611471,
        "outputSizePerQuad": 99.675793133420257,
        "CodeGen(%)": 37.094344617207533,
        "peak_mem_kb": 282140,
        "realTime": 0.41431093215942383
    },
    "NameTable": {
        "_vcs_unit__1509417242": [
            "_vcs_unit__1509417242",
            "Wrsvd",
            "module",
            1
        ],
        "std": [
            "std",
            "reYIK",
            "module",
            2
        ],
        "testbench": [
            "testbench",
            "iAVhC",
            "module",
            3
        ],
        "...MASTER...": [
            "SIM",
            "amcQw",
            "module",
            4
        ]
    },
    "LVLData": [
        "SIM"
    ],
    "SIMBData": {
        "out": "amcQwB.o",
        "archive": "archive.0/_1516_archive_1.a",
        "bytes": 73532,
        "text": 0
    },
    "incremental": "on",
    "PEModules": [],
    "Misc": {
        "vcs_version": "N-2017.12-SP2-1_Full64",
        "daidir": "/afs/umich.edu/user/a/s/ashvarma/470/final/group10w19/BP_test/simv.daidir",
        "vcs_build_date": "Build Date = Jul 14 2018 20:29:59",
        "master_pid": 1516,
        "csrc_abs": "/afs/umich.edu/user/a/s/ashvarma/470/final/group10w19/BP_test/csrc",
        "VCS_HOME": "/usr/caen/vcs-2017.12-SP2-1",
        "daidir_abs": "/afs/umich.edu/user/a/s/ashvarma/470/final/group10w19/BP_test/simv.daidir",
        "cwd": "/afs/umich.edu/user/a/s/ashvarma/470/final/group10w19/BP_test",
        "csrc": "csrc",
        "default_output_dir": "csrc",
        "archive_dir": "archive.0"
    },
    "CompileStatus": "Successful"
}