{
    "cycles_program_begin": 43469383561227,
    "CurCompileUdps": {},
    "rlimit": {
        "data": -1,
        "stack": -1
    },
    "PrevCompiledModules": {},
    "LVLData": [
        "SIM"
    ],
    "CompileProcesses": [
        "cgproc.10146.json"
    ],
    "perf": [
        [
            0.16422605514526367,
            0.031976999999999998,
            0.034109,
            266900,
            267516,
            1553292330.1011341,
            43469868264917,
            "doParsingAndDesignResolution",
            "entry"
        ],
        [
            0.18988394737243652,
            0.050618000000000003,
            0.041126999999999997,
            267948,
            268596,
            1553292330.126792,
            43469949768194,
            "doParsingAndDesignResolution",
            "exit"
        ],
        [
            0.18999791145324707,
            0.050681999999999998,
            0.041179,
            267948,
            268596,
            1553292330.1269059,
            43469950089538,
            "doPostDesignResolutionToVir2Vcs",
            "entry"
        ],
        [
            0.21318197250366211,
            0.058276000000000001,
            0.046136999999999997,
            269096,
            269100,
            1553292330.15009,
            43470024035906,
            "doUptoVir2VcsNoSepCleanup",
            "entry"
        ],
        [
            0.25756597518920898,
            0.079536999999999997,
            0.047722000000000001,
            269792,
            282136,
            1553292330.194474,
            43470165689500,
            "doUptoVir2VcsNoSepCleanup",
            "exit"
        ],
        [
            0.25763487815856934,
            0.079579999999999998,
            0.047747999999999999,
            269792,
            282136,
            1553292330.1945429,
            43470165868528,
            "doRadify_vir2vcsAll",
            "entry"
        ],
        [
            0.26430892944335938,
            0.082788,
            0.047761999999999999,
            271520,
            282136,
            1553292330.2012169,
            43470187194988,
            "doRadify_vir2vcsAll",
            "exit"
        ],
        [
            0.26435399055480957,
            0.082817000000000002,
            0.047779000000000002,
            271520,
            282136,
            1553292330.201262,
            43470187313251,
            "doPostDesignResolutionToVir2Vcs",
            "exit"
        ],
        [
            0.2643890380859375,
            0.082839999999999997,
            0.047792000000000001,
            271520,
            282136,
            1553292330.201297,
            43470187419190,
            "doGAToPass2",
            "entry"
        ],
        [
            0.30893301963806152,
            0.084348000000000006,
            0.050181999999999997,
            270096,
            282136,
            1553292330.245841,
            43470329649700,
            "DoPass2",
            "entry"
        ],
        [
            0.38930010795593262,
            0.13400699999999999,
            0.057133999999999997,
            280536,
            282136,
            1553292330.3262081,
            43470586170691,
            "DoPass2",
            "exit"
        ]
    ],
    "CompileStrategy": "fullobj",
    "MlibObjs": {},
    "NameTable": {
        "testbench": [
            "testbench",
            "iAVhC",
            "module",
            3
        ],
        "std": [
            "std",
            "reYIK",
            "module",
            2
        ],
        "_vcs_unit__1509417242": [
            "_vcs_unit__1509417242",
            "Wrsvd",
            "module",
            1
        ],
        "...MASTER...": [
            "SIM",
            "amcQw",
            "module",
            4
        ]
    },
    "cpu_cycles_pass2_start": 43470329665319,
    "stat": {
        "cpu_cycles_total": 1254550017,
        "nQuads": 2273,
        "ru_self_cgstart": {
            "ru_utime_sec": 0.084388000000000005,
            "ru_nvcsw": 138,
            "ru_maxrss_kb": 74584,
            "ru_stime_sec": 0.050205,
            "ru_nivcsw": 5,
            "ru_majflt": 0,
            "ru_minflt": 24139
        },
        "cpu_cycles_end": 43470638111244,
        "ru_childs_cgstart": {
            "ru_utime_sec": 0.0098670000000000008,
            "ru_nvcsw": 17,
            "ru_maxrss_kb": 24356,
            "ru_stime_sec": 0.012937000000000001,
            "ru_nivcsw": 6,
            "ru_majflt": 0,
            "ru_minflt": 6345
        },
        "mopSpeed": 144479.02597529697,
        "ru_self_end": {
            "ru_utime_sec": 0.13547500000000001,
            "ru_nvcsw": 188,
            "ru_maxrss_kb": 85812,
            "ru_stime_sec": 0.058358,
            "ru_nivcsw": 5,
            "ru_majflt": 0,
            "ru_minflt": 27429
        },
        "cpu_cycles_cgstart": 43470329721991,
        "realTime": 0.40565896034240723,
        "nMops": 7381,
        "totalObjSize": 220894,
        "mop/quad": 3.247250329960405,
        "ru_childs_end": {
            "ru_utime_sec": 0.0098670000000000008,
            "ru_nvcsw": 17,
            "ru_maxrss_kb": 24356,
            "ru_stime_sec": 0.012937000000000001,
            "ru_nivcsw": 6,
            "ru_majflt": 0,
            "ru_minflt": 6345
        },
        "quadSpeed": 44492.728091295226,
        "outputSizePerQuad": 97.181698196216459,
        "Frontend(%)": 64.850490567076278,
        "CodeGen(%)": 35.149509432923736,
        "peak_mem_kb": 282136
    },
    "PEModules": [],
    "SIMBData": {
        "out": "amcQwB.o",
        "archive": "archive.0/_10146_archive_1.a",
        "bytes": 72514,
        "text": 0
    },
    "incremental": "on",
    "CurCompileModules": [
        "...MASTER...",
        "...MASTER...",
        "_vcs_unit__1509417242",
        "_vcs_unit__1509417242",
        "std",
        "std",
        "testbench",
        "testbench"
    ],
    "Misc": {
        "daidir_abs": "/afs/umich.edu/user/h/e/heewoo/Desktop/eecs470/FINAL/group10w19/BP_test/simv.daidir",
        "vcs_version": "N-2017.12-SP2-1_Full64",
        "vcs_build_date": "Build Date = Jul 14 2018 20:29:59",
        "daidir": "/afs/umich.edu/user/h/e/heewoo/Desktop/eecs470/FINAL/group10w19/BP_test/simv.daidir",
        "master_pid": 10146,
        "VCS_HOME": "/usr/caen/vcs-2017.12-SP2-1",
        "cwd": "/afs/umich.edu/user/h/e/heewoo/Desktop/eecs470/FINAL/group10w19/BP_test",
        "archive_dir": "archive.0",
        "csrc_abs": "/afs/umich.edu/user/h/e/heewoo/Desktop/eecs470/FINAL/group10w19/BP_test/csrc",
        "default_output_dir": "csrc",
        "csrc": "csrc"
    },
    "CompileStatus": "Successful"
}