{
    "cycles_program_begin": 5268989682652,
    "LVLData": [
        "SIM"
    ],
    "rlimit": {
        "data": -1,
        "stack": -1
    },
    "MlibObjs": {},
    "perf": [
        [
            0.15269589424133301,
            0.029423999999999999,
            0.02452,
            266900,
            267516,
            1553457443.303669,
            5269492987558,
            "doParsingAndDesignResolution",
            "entry"
        ],
        [
            0.16549801826477051,
            0.041841000000000003,
            0.024905,
            267952,
            268600,
            1553457443.3164711,
            5269539079764,
            "doParsingAndDesignResolution",
            "exit"
        ],
        [
            0.1655879020690918,
            0.041897999999999998,
            0.024938999999999999,
            267952,
            268600,
            1553457443.316561,
            5269539360538,
            "doPostDesignResolutionToVir2Vcs",
            "entry"
        ],
        [
            0.19146394729614258,
            0.052377,
            0.028202999999999999,
            269104,
            269108,
            1553457443.342437,
            5269632549878,
            "doUptoVir2VcsNoSepCleanup",
            "entry"
        ],
        [
            0.26664590835571289,
            0.096821000000000004,
            0.033632000000000002,
            269828,
            282172,
            1553457443.417619,
            5269903546422,
            "doUptoVir2VcsNoSepCleanup",
            "exit"
        ],
        [
            0.26686882972717285,
            0.096821000000000004,
            0.033857999999999999,
            269828,
            282172,
            1553457443.4178419,
            5269904189806,
            "doRadify_vir2vcsAll",
            "entry"
        ],
        [
            0.28119587898254395,
            0.10380300000000001,
            0.037288000000000002,
            271656,
            282172,
            1553457443.432169,
            5269955851730,
            "doRadify_vir2vcsAll",
            "exit"
        ],
        [
            0.28134799003601074,
            0.10391599999999999,
            0.037329000000000001,
            271656,
            282172,
            1553457443.4323211,
            5269956303244,
            "doPostDesignResolutionToVir2Vcs",
            "exit"
        ],
        [
            0.28146600723266602,
            0.104003,
            0.037359999999999997,
            271656,
            282172,
            1553457443.4324391,
            5269956706918,
            "doGAToPass2",
            "entry"
        ],
        [
            0.36942601203918457,
            0.107582,
            0.043445999999999999,
            270100,
            282172,
            1553457443.5203991,
            5270273494456,
            "DoPass2",
            "entry"
        ],
        [
            0.47811794281005859,
            0.17338799999999999,
            0.060366000000000003,
            281732,
            282172,
            1553457443.629091,
            5270664425910,
            "DoPass2",
            "exit"
        ]
    ],
    "PrevCompiledModules": {},
    "CurCompileModules": [
        "...MASTER...",
        "...MASTER...",
        "_vcs_unit__1509417242",
        "_vcs_unit__1509417242",
        "std",
        "std",
        "testbench",
        "testbench"
    ],
    "CurCompileUdps": {},
    "CompileStrategy": "fullobj",
    "NameTable": {
        "...MASTER...": [
            "SIM",
            "amcQw",
            "module",
            4
        ],
        "testbench": [
            "testbench",
            "iAVhC",
            "module",
            3
        ],
        "_vcs_unit__1509417242": [
            "_vcs_unit__1509417242",
            "Wrsvd",
            "module",
            1
        ],
        "std": [
            "std",
            "reYIK",
            "module",
            2
        ]
    },
    "cpu_cycles_pass2_start": 5270273552922,
    "stat": {
        "ru_self_cgstart": {
            "ru_utime_sec": 0.107723,
            "ru_majflt": 0,
            "ru_stime_sec": 0.043503,
            "ru_nvcsw": 138,
            "ru_maxrss_kb": 74600,
            "ru_minflt": 24204,
            "ru_nivcsw": 8
        },
        "mop/quad": 3.2829204693611471,
        "CodeGen(%)": 32.493258609087739,
        "ru_childs_cgstart": {
            "ru_utime_sec": 0.029715999999999999,
            "ru_majflt": 0,
            "ru_stime_sec": 0.028554,
            "ru_nvcsw": 17,
            "ru_maxrss_kb": 24368,
            "ru_minflt": 6347,
            "ru_nivcsw": 6
        },
        "cpu_cycles_cgstart": 5270273741302,
        "nQuads": 2301,
        "nMops": 7554,
        "totalObjSize": 229098,
        "Frontend(%)": 67.506741390912268,
        "ru_self_end": {
            "ru_utime_sec": 0.173877,
            "ru_majflt": 0,
            "ru_stime_sec": 0.062759999999999996,
            "ru_nvcsw": 190,
            "ru_maxrss_kb": 85384,
            "ru_minflt": 27904,
            "ru_nivcsw": 8
        },
        "ru_childs_end": {
            "ru_utime_sec": 0.029715999999999999,
            "ru_majflt": 0,
            "ru_stime_sec": 0.028554,
            "ru_nvcsw": 17,
            "ru_maxrss_kb": 24368,
            "ru_minflt": 6347,
            "ru_nivcsw": 6
        },
        "cpu_cycles_end": 5270721572078,
        "outputSizePerQuad": 99.564537157757499,
        "mopSpeed": 114188.10653928714,
        "cpu_cycles_total": 1731889426,
        "quadSpeed": 34782.477250052914,
        "peak_mem_kb": 282172,
        "realTime": 0.49408102035522461
    },
    "SIMBData": {
        "text": 0,
        "out": "amcQwB.o",
        "bytes": 73588,
        "archive": "archive.0/_12591_archive_1.a"
    },
    "incremental": "on",
    "PEModules": [],
    "CompileProcesses": [
        "cgproc.12591.json"
    ],
    "Misc": {
        "vcs_version": "N-2017.12-SP2-1_Full64",
        "daidir": "/afs/umich.edu/user/h/e/heewoo/Desktop/eecs470/FINAL/group10w19/BP_test/simv.daidir",
        "daidir_abs": "/afs/umich.edu/user/h/e/heewoo/Desktop/eecs470/FINAL/group10w19/BP_test/simv.daidir",
        "master_pid": 12591,
        "vcs_build_date": "Build Date = Jul 14 2018 20:29:59",
        "csrc_abs": "/afs/umich.edu/user/h/e/heewoo/Desktop/eecs470/FINAL/group10w19/BP_test/csrc",
        "VCS_HOME": "/usr/caen/vcs-2017.12-SP2-1",
        "cwd": "/afs/umich.edu/user/h/e/heewoo/Desktop/eecs470/FINAL/group10w19/BP_test",
        "csrc": "csrc",
        "default_output_dir": "csrc",
        "archive_dir": "archive.0"
    },
    "CompileStatus": "Successful"
}