{
    "cycles_program_begin": 47688147791042,
    "perf": [
        [
            0.16138720512390137,
            0.030401999999999998,
            0.034455,
            266900,
            267516,
            1553375896.4518261,
            47688682301152,
            "doParsingAndDesignResolution",
            "entry"
        ],
        [
            0.18581104278564453,
            0.048698999999999999,
            0.040582,
            267964,
            268612,
            1553375896.4762499,
            47688769931888,
            "doParsingAndDesignResolution",
            "exit"
        ],
        [
            0.18593406677246094,
            0.048766999999999998,
            0.040639000000000002,
            267964,
            268612,
            1553375896.476373,
            47688770299460,
            "doPostDesignResolutionToVir2Vcs",
            "entry"
        ],
        [
            0.20779705047607422,
            0.055856999999999997,
            0.046032999999999998,
            269104,
            269108,
            1553375896.4982359,
            47688848942640,
            "doUptoVir2VcsNoSepCleanup",
            "entry"
        ],
        [
            0.38254213333129883,
            0.10850600000000001,
            0.049603000000000001,
            269800,
            282144,
            1553375896.672981,
            47689478057306,
            "doUptoVir2VcsNoSepCleanup",
            "exit"
        ],
        [
            0.38263416290283203,
            0.10857,
            0.049632000000000003,
            269800,
            282144,
            1553375896.6730731,
            47689478334896,
            "doRadify_vir2vcsAll",
            "entry"
        ],
        [
            0.38968014717102051,
            0.111412,
            0.051020000000000003,
            271660,
            282144,
            1553375896.680119,
            47689503737362,
            "doRadify_vir2vcsAll",
            "exit"
        ],
        [
            0.38974213600158691,
            0.111455,
            0.051040000000000002,
            271660,
            282144,
            1553375896.680181,
            47689503920638,
            "doPostDesignResolutionToVir2Vcs",
            "exit"
        ],
        [
            0.38979005813598633,
            0.111489,
            0.051055000000000003,
            271660,
            282144,
            1553375896.6802289,
            47689504084850,
            "doGAToPass2",
            "entry"
        ],
        [
            0.43339300155639648,
            0.113513,
            0.052552000000000001,
            270104,
            282144,
            1553375896.7238319,
            47689661077702,
            "DoPass2",
            "entry"
        ],
        [
            0.50752019882202148,
            0.157773,
            0.059952999999999999,
            281748,
            282144,
            1553375896.7979591,
            47689928043056,
            "DoPass2",
            "exit"
        ]
    ],
    "MlibObjs": {},
    "SIMBData": {
        "out": "amcQwB.o",
        "archive": "archive.0/_14683_archive_1.a",
        "bytes": 74460,
        "text": 0
    },
    "PrevCompiledModules": {},
    "NameTable": {
        "_vcs_unit__1509417242": [
            "_vcs_unit__1509417242",
            "Wrsvd",
            "module",
            1
        ],
        "testbench": [
            "testbench",
            "iAVhC",
            "module",
            3
        ],
        "std": [
            "std",
            "reYIK",
            "module",
            2
        ],
        "...MASTER...": [
            "SIM",
            "amcQw",
            "module",
            4
        ]
    },
    "cpu_cycles_pass2_start": 47689661096132,
    "CompileStrategy": "fullobj",
    "CurCompileUdps": {},
    "stat": {
        "ru_self_cgstart": {
            "ru_utime_sec": 0.11355899999999999,
            "ru_nvcsw": 137,
            "ru_minflt": 24379,
            "ru_stime_sec": 0.052574000000000003,
            "ru_maxrss_kb": 74596,
            "ru_nivcsw": 3,
            "ru_majflt": 0
        },
        "ru_childs_cgstart": {
            "ru_utime_sec": 0.0088599999999999998,
            "ru_nvcsw": 17,
            "ru_minflt": 6347,
            "ru_stime_sec": 0.014702,
            "ru_maxrss_kb": 24364,
            "ru_nivcsw": 6,
            "ru_majflt": 0
        },
        "ru_self_end": {
            "ru_utime_sec": 0.157773,
            "ru_nvcsw": 197,
            "ru_minflt": 27587,
            "ru_stime_sec": 0.064680000000000001,
            "ru_maxrss_kb": 85536,
            "ru_nivcsw": 3,
            "ru_majflt": 0
        },
        "totalObjSize": 240558,
        "nQuads": 2521,
        "cpu_cycles_cgstart": 47689661164448,
        "ru_childs_end": {
            "ru_utime_sec": 0.0088599999999999998,
            "ru_nvcsw": 17,
            "ru_minflt": 6347,
            "ru_stime_sec": 0.014702,
            "ru_maxrss_kb": 24364,
            "ru_nivcsw": 6,
            "ru_majflt": 0
        },
        "cpu_cycles_total": 1840337642,
        "mopSpeed": 180463.20170081872,
        "CodeGen(%)": 26.533759819483535,
        "nMops": 7979,
        "cpu_cycles_end": 47689988128684,
        "quadSpeed": 57018.13905097932,
        "mop/quad": 3.1650138833796113,
        "outputSizePerQuad": 95.42165807219358,
        "Frontend(%)": 73.466240180516465,
        "peak_mem_kb": 282144,
        "realTime": 0.52444005012512207
    },
    "LVLData": [
        "SIM"
    ],
    "incremental": "on",
    "CurCompileModules": [
        "...MASTER...",
        "...MASTER...",
        "_vcs_unit__1509417242",
        "_vcs_unit__1509417242",
        "std",
        "std",
        "testbench",
        "testbench"
    ],
    "PEModules": [],
    "Misc": {
        "vcs_version": "N-2017.12-SP2-1_Full64",
        "vcs_build_date": "Build Date = Jul 14 2018 20:29:59",
        "master_pid": 14683,
        "cwd": "/afs/umich.edu/user/a/s/ashvarma/470/final/group10w19/BP_test",
        "VCS_HOME": "/usr/caen/vcs-2017.12-SP2-1",
        "csrc": "csrc",
        "daidir": "/afs/umich.edu/user/a/s/ashvarma/470/final/group10w19/BP_test/simv.daidir",
        "csrc_abs": "/afs/umich.edu/user/a/s/ashvarma/470/final/group10w19/BP_test/csrc",
        "daidir_abs": "/afs/umich.edu/user/a/s/ashvarma/470/final/group10w19/BP_test/simv.daidir",
        "default_output_dir": "csrc",
        "archive_dir": "archive.0"
    },
    "rlimit": {
        "data": -1,
        "stack": -1
    },
    "CompileProcesses": [
        "cgproc.14683.json"
    ],
    "CompileStatus": "Successful"
}