{
    "NameTable": {
        "testbench": [
            "testbench",
            "iAVhC",
            "module",
            3
        ],
        "_vcs_unit__1509417242": [
            "_vcs_unit__1509417242",
            "Wrsvd",
            "module",
            1
        ],
        "std": [
            "std",
            "reYIK",
            "module",
            2
        ],
        "...MASTER...": [
            "SIM",
            "amcQw",
            "module",
            4
        ]
    },
    "stat": {
        "ru_self_cgstart": {
            "ru_majflt": 1,
            "ru_maxrss_kb": 74488,
            "ru_utime_sec": 0.081016000000000005,
            "ru_stime_sec": 0.069905999999999996,
            "ru_minflt": 24290,
            "ru_nvcsw": 138,
            "ru_nivcsw": 6
        },
        "nQuads": 1421,
        "outputSizePerQuad": 126.21956368754398,
        "ru_childs_cgstart": {
            "ru_majflt": 0,
            "ru_maxrss_kb": 24352,
            "ru_utime_sec": 0.010317,
            "ru_stime_sec": 0.012508999999999999,
            "ru_minflt": 6345,
            "ru_nvcsw": 17,
            "ru_nivcsw": 6
        },
        "peak_mem_kb": 282140,
        "ru_self_end": {
            "ru_majflt": 4,
            "ru_maxrss_kb": 85092,
            "ru_utime_sec": 0.15199599999999999,
            "ru_stime_sec": 0.094619999999999996,
            "ru_minflt": 27383,
            "ru_nvcsw": 191,
            "ru_nivcsw": 6
        },
        "cpu_cycles_cgstart": 27096886418462,
        "Frontend(%)": 56.269676489252255,
        "nMops": 4081,
        "totalObjSize": 179358,
        "ru_childs_end": {
            "ru_majflt": 0,
            "ru_maxrss_kb": 24352,
            "ru_utime_sec": 0.010317,
            "ru_stime_sec": 0.012508999999999999,
            "ru_minflt": 6345,
            "ru_nvcsw": 17,
            "ru_nivcsw": 6
        },
        "cpu_cycles_total": 1538225050,
        "cpu_cycles_end": 27097359139522,
        "mopSpeed": 57495.069033530584,
        "quadSpeed": 20019.723865877717,
        "mop/quad": 2.8719211822660098,
        "CodeGen(%)": 43.730323510747752,
        "realTime": 0.49538087844848633
    },
    "cycles_program_begin": 27095820914472,
    "CompileProcesses": [
        "cgproc.23001.json"
    ],
    "perf": [
        [
            0.16670799255371094,
            0.029779,
            0.038425000000000001,
            266900,
            267516,
            1553287200.576719,
            27096311342835,
            "doParsingAndDesignResolution",
            "entry"
        ],
        [
            0.19405293464660645,
            0.047774999999999998,
            0.047774999999999998,
            267932,
            268580,
            1553287200.604064,
            27096398246785,
            "doParsingAndDesignResolution",
            "exit"
        ],
        [
            0.19417405128479004,
            0.047774999999999998,
            0.047897000000000002,
            267932,
            268580,
            1553287200.6041851,
            27096398567593,
            "doPostDesignResolutionToVir2Vcs",
            "entry"
        ],
        [
            0.21960783004760742,
            0.052768000000000002,
            0.056363000000000003,
            269096,
            269100,
            1553287200.6296189,
            27096479716642,
            "doUptoVir2VcsNoSepCleanup",
            "entry"
        ],
        [
            0.27500200271606445,
            0.077196000000000001,
            0.063159999999999994,
            269796,
            282140,
            1553287200.6850131,
            27096656597237,
            "doUptoVir2VcsNoSepCleanup",
            "exit"
        ],
        [
            0.27511501312255859,
            0.077196000000000001,
            0.063273999999999997,
            269796,
            282140,
            1553287200.6851261,
            27096656887895,
            "doRadify_vir2vcsAll",
            "entry"
        ],
        [
            0.28374886512756348,
            0.079707,
            0.065582000000000001,
            271532,
            282140,
            1553287200.6937599,
            27096684481753,
            "doRadify_vir2vcsAll",
            "exit"
        ],
        [
            0.28382396697998047,
            0.079749,
            0.065615999999999994,
            271532,
            282140,
            1553287200.693835,
            27096684682623,
            "doPostDesignResolutionToVir2Vcs",
            "exit"
        ],
        [
            0.28388404846191406,
            0.079782000000000006,
            0.065643000000000007,
            271532,
            282140,
            1553287200.6938951,
            27096684864344,
            "doGAToPass2",
            "entry"
        ],
        [
            0.34691286087036133,
            0.081016000000000005,
            0.069736000000000006,
            269976,
            282140,
            1553287200.7569239,
            27096886232061,
            "DoPass2",
            "entry"
        ],
        [
            0.47649002075195312,
            0.148673,
            0.093047000000000005,
            280940,
            282140,
            1553287200.8865011,
            27097299768086,
            "DoPass2",
            "exit"
        ]
    ],
    "MlibObjs": {},
    "PrevCompiledModules": {},
    "cpu_cycles_pass2_start": 27096886266808,
    "CompileStrategy": "fullobj",
    "CurCompileUdps": {},
    "SIMBData": {
        "out": "amcQwB.o",
        "bytes": 68426,
        "text": 0,
        "archive": "archive.0/_23001_archive_1.a"
    },
    "Misc": {
        "vcs_version": "N-2017.12-SP2-1_Full64",
        "vcs_build_date": "Build Date = Jul 14 2018 20:29:59",
        "csrc_abs": "/afs/umich.edu/user/h/e/heewoo/Desktop/eecs470/FINAL/group10w19/BP_test/csrc",
        "master_pid": 23001,
        "VCS_HOME": "/usr/caen/vcs-2017.12-SP2-1",
        "cwd": "/afs/umich.edu/user/h/e/heewoo/Desktop/eecs470/FINAL/group10w19/BP_test",
        "csrc": "csrc",
        "daidir": "/afs/umich.edu/user/h/e/heewoo/Desktop/eecs470/FINAL/group10w19/BP_test/simv.daidir",
        "daidir_abs": "/afs/umich.edu/user/h/e/heewoo/Desktop/eecs470/FINAL/group10w19/BP_test/simv.daidir",
        "default_output_dir": "csrc",
        "archive_dir": "archive.0"
    },
    "PEModules": [],
    "incremental": "on",
    "CurCompileModules": [
        "...MASTER...",
        "...MASTER...",
        "_vcs_unit__1509417242",
        "_vcs_unit__1509417242",
        "std",
        "std",
        "testbench",
        "testbench"
    ],
    "LVLData": [
        "SIM"
    ],
    "rlimit": {
        "data": -1,
        "stack": -1
    },
    "CompileStatus": "Successful"
}