{
    "ObjArchives": [
        {
            "objects": [
                [
                    "Wrsvd_d.o",
                    20912
                ],
                [
                    "reYIK_d.o",
                    32908
                ],
                [
                    "iAVhC_d.o",
                    104412
                ],
                [
                    "amcQwB.o",
                    74460
                ]
            ],
            "archive": "archive.0/_14683_archive_1.a",
            "size": 232692
        }
    ],
    "Modules": {
        "...MASTER...": {
            "nRouts": 5,
            "nQuads": 0,
            "start_perf": [
                0.43349719047546387,
                0.113584,
                0.052585,
                270104,
                282144,
                1553375896.7239361,
                47689661408460
            ],
            "end_perf": [
                0.44233107566833496,
                0.115174,
                0.053887999999999998,
                272500,
                282144,
                47689693235814,
                0,
                0
            ],
            "child_modules": {
                "_vcs_unit__1509417242": 1,
                "testbench": 1,
                "std": 1
            },
            "nMops": 0
        },
        "_vcs_unit__1509417242": {
            "nRouts": 6,
            "nQuads": 11,
            "start_perf": [
                0.44240808486938477,
                0.115226,
                0.053913000000000003,
                272500,
                282144,
                1553375896.732847,
                47689693487040
            ],
            "end_perf": [
                0.45073318481445312,
                0.117711,
                0.054082999999999999,
                275684,
                282144,
                47689723483088,
                4294967297,
                0
            ],
            "child_modules": {},
            "Compiled": "Yes",
            "nMops": 33,
            "Compiled Times": 1
        },
        "testbench": {
            "nQuads": 2297,
            "nRouts": 137,
            "start_perf": [
                0.45534300804138184,
                0.120042,
                0.056363000000000003,
                275876,
                282144,
                1553375896.7457819,
                47689740048862
            ],
            "child_modules": {},
            "end_perf": [
                0.49224710464477539,
                0.15551599999999999,
                0.057792999999999997,
                279812,
                282144,
                47689872960010,
                12884901889,
                0
            ],
            "Compiled": "Yes",
            "Compiled Times": 1,
            "nMops": 7484,
            "significant_routs": [
                [
                    110,
                    "R_VCSgd_iAVhC_6e",
                    11515296,
                    6409,
                    1172
                ],
                [
                    111,
                    "R_VCSgd_iAVhC_6f",
                    13532558,
                    8279,
                    1387
                ],
                [
                    112,
                    "R_VCSgd_iAVhC_70",
                    7788368,
                    4106,
                    829
                ]
            ]
        },
        "std": {
            "nQuads": 213,
            "nRouts": 33,
            "start_perf": [
                0.45078516006469727,
                0.117747,
                0.054100000000000002,
                275684,
                282144,
                1553375896.7412241,
                47689723639768
            ],
            "child_modules": {},
            "end_perf": [
                0.45528316497802734,
                0.120042,
                0.056301999999999998,
                275876,
                282144,
                47689739876546,
                8589934594,
                0
            ],
            "Compiled": "Yes",
            "Compiled Times": 1,
            "nMops": 462,
            "svclass": [
                "$vcs_nba_dyn_obj",
                385,
                37,
                2,
                2,
                0,
                "sigprop$$",
                385,
                37,
                2,
                2,
                0,
                "process",
                1645,
                184,
                8,
                8,
                0,
                "event",
                462,
                36,
                2,
                2,
                0,
                "mailbox",
                848,
                99,
                9,
                9,
                0,
                "semaphore",
                656,
                69,
                5,
                5,
                0
            ]
        }
    },
    "reusePaths": {},
    "CompUnits": {
        "amcQw_d": {
            "out": "objs/amcQw_d.o",
            "mod": "...MASTER...",
            "bytes": 7866,
            "checksum": 0,
            "text": 458,
            "mode": 4
        },
        "Wrsvd_d": {
            "out": "Wrsvd_d.o",
            "mod": "_vcs_unit__1509417242",
            "archive": "archive.0/_14683_archive_1.a",
            "bytes": 20912,
            "checksum": 0,
            "text": 501,
            "mode": 4
        },
        "reYIK_d": {
            "out": "reYIK_d.o",
            "mod": "std",
            "archive": "archive.0/_14683_archive_1.a",
            "bytes": 32908,
            "checksum": 0,
            "cls": 4381,
            "text": 4650,
            "mode": 4
        },
        "iAVhC_d": {
            "out": "iAVhC_d.o",
            "mod": "testbench",
            "archive": "archive.0/_14683_archive_1.a",
            "bytes": 104412,
            "checksum": 0,
            "text": 48796,
            "mode": 4
        }
    },
    "stat": {
        "ru_self_end": {
            "ru_utime_sec": 0.157773,
            "ru_nvcsw": 194,
            "ru_minflt": 27582,
            "ru_stime_sec": 0.063793000000000002,
            "ru_maxrss_kb": 85536,
            "ru_nivcsw": 3,
            "ru_majflt": 0
        },
        "ru_childs_end": {
            "ru_utime_sec": 0.0088599999999999998,
            "ru_nvcsw": 17,
            "ru_minflt": 6347,
            "ru_stime_sec": 0.014702,
            "ru_maxrss_kb": 24364,
            "ru_nivcsw": 6,
            "ru_majflt": 0
        },
        "cpu_cycles_end": 47689975110320,
        "peak_mem_kb": 282144
    }
}