{
    "Modules": {
        "...MASTER...": {
            "nMops": 0,
            "end_perf": [
                0.31624913215637207,
                0.097025,
                0.048512,
                272508,
                282156,
                36166561385478,
                0,
                0
            ],
            "start_perf": [
                0.30702805519104004,
                0.095452999999999996,
                0.046186999999999999,
                270116,
                282156,
                1553372695.862035,
                36166528130962
            ],
            "child_modules": {
                "_vcs_unit__1509417242": 1,
                "std": 1,
                "testbench": 1
            },
            "nQuads": 0,
            "nRouts": 5
        },
        "_vcs_unit__1509417242": {
            "start_perf": [
                0.3163609504699707,
                0.097100000000000006,
                0.048550000000000003,
                272508,
                282156,
                1553372695.8713679,
                36166561762142
            ],
            "nMops": 33,
            "end_perf": [
                0.32580304145812988,
                0.097879999999999995,
                0.051998999999999997,
                275692,
                282156,
                36166595822370,
                4294967297,
                0
            ],
            "child_modules": {},
            "Compiled": "Yes",
            "nQuads": 11,
            "Compiled Times": 1,
            "nRouts": 6,
            "significant_routs": [
                [
                    1,
                    "R_VCSgd_Wrsvd_1",
                    8615838,
                    288,
                    33
                ]
            ]
        },
        "std": {
            "start_perf": [
                0.32589101791381836,
                0.097937999999999997,
                0.052028999999999999,
                275692,
                282156,
                1553372695.880898,
                36166596090024
            ],
            "nMops": 462,
            "end_perf": [
                0.33360505104064941,
                0.105462,
                0.052219000000000002,
                275884,
                282156,
                36166623919776,
                8589934594,
                0
            ],
            "child_modules": {},
            "Compiled": "Yes",
            "nQuads": 213,
            "Compiled Times": 1,
            "svclass": [
                "$vcs_nba_dyn_obj",
                385,
                37,
                2,
                2,
                0,
                "sigprop$$",
                385,
                37,
                2,
                2,
                0,
                "process",
                1645,
                184,
                8,
                8,
                0,
                "event",
                462,
                36,
                2,
                2,
                0,
                "mailbox",
                848,
                99,
                9,
                9,
                0,
                "semaphore",
                656,
                69,
                5,
                5,
                0
            ],
            "nRouts": 33
        },
        "testbench": {
            "start_perf": [
                0.33370208740234375,
                0.105527,
                0.052250999999999999,
                275884,
                282156,
                1553372695.8887091,
                36166624241250
            ],
            "nMops": 7093,
            "end_perf": [
                0.3786780834197998,
                0.14671699999999999,
                0.056037999999999998,
                279856,
                282156,
                36166786086440,
                12884901889,
                0
            ],
            "child_modules": {},
            "Compiled": "Yes",
            "nQuads": 2087,
            "Compiled Times": 1,
            "nRouts": 97,
            "significant_routs": [
                [
                    64,
                    "R_VCSgd_iAVhC_40",
                    9146460,
                    4148,
                    662
                ],
                [
                    68,
                    "R_VCSgd_iAVhC_44",
                    5896994,
                    3525,
                    573
                ],
                [
                    69,
                    "R_VCSgd_iAVhC_45",
                    11625744,
                    6409,
                    1172
                ],
                [
                    70,
                    "R_VCSgd_iAVhC_46",
                    14268918,
                    8279,
                    1387
                ],
                [
                    71,
                    "R_VCSgd_iAVhC_47",
                    7946950,
                    4106,
                    829
                ]
            ]
        }
    },
    "reusePaths": {},
    "CompUnits": {
        "iAVhC_d": {
            "checksum": 0,
            "text": 44604,
            "out": "iAVhC_d.o",
            "mod": "testbench",
            "bytes": 93666,
            "mode": 4,
            "archive": "archive.0/_2187_archive_1.a"
        },
        "amcQw_d": {
            "checksum": 0,
            "text": 458,
            "out": "objs/amcQw_d.o",
            "mod": "...MASTER...",
            "bytes": 7866,
            "mode": 4
        },
        "reYIK_d": {
            "checksum": 0,
            "text": 4650,
            "out": "reYIK_d.o",
            "mod": "std",
            "bytes": 32908,
            "archive": "archive.0/_2187_archive_1.a",
            "cls": 4381,
            "mode": 4
        },
        "Wrsvd_d": {
            "checksum": 0,
            "text": 501,
            "out": "Wrsvd_d.o",
            "mod": "_vcs_unit__1509417242",
            "bytes": 20912,
            "mode": 4,
            "archive": "archive.0/_2187_archive_1.a"
        }
    },
    "ObjArchives": [
        {
            "archive": "archive.0/_2187_archive_1.a",
            "objects": [
                [
                    "Wrsvd_d.o",
                    20912
                ],
                [
                    "reYIK_d.o",
                    32908
                ],
                [
                    "iAVhC_d.o",
                    93666
                ],
                [
                    "amcQwB.o",
                    73222
                ]
            ],
            "size": 220708
        }
    ],
    "stat": {
        "ru_self_end": {
            "ru_utime_sec": 0.149784,
            "ru_stime_sec": 0.058477000000000001,
            "ru_maxrss_kb": 85996,
            "ru_nvcsw": 183,
            "ru_minflt": 27448,
            "ru_nivcsw": 5,
            "ru_majflt": 0
        },
        "peak_mem_kb": 282156,
        "ru_childs_end": {
            "ru_utime_sec": 0.0097970000000000002,
            "ru_stime_sec": 0.012586,
            "ru_maxrss_kb": 24388,
            "ru_nvcsw": 17,
            "ru_minflt": 6347,
            "ru_nivcsw": 6,
            "ru_majflt": 0
        },
        "cpu_cycles_end": 36166883330084
    }
}