{
    "Modules": {
        "...MASTER...": {
            "child_modules": {
                "testbench": 1,
                "_vcs_unit__1509417242": 1,
                "std": 1
            },
            "start_perf": [
                0.34714794158935547,
                0.081016000000000005,
                0.069985000000000006,
                269976,
                282140,
                1553287200.757159,
                27096886911679
            ],
            "end_perf": [
                0.36369800567626953,
                0.085835999999999996,
                0.075736999999999999,
                272368,
                282140,
                27096940078749,
                0,
                0
            ],
            "nQuads": 0,
            "nMops": 0,
            "nRouts": 5
        },
        "testbench": {
            "child_modules": {},
            "start_perf": [
                0.40033388137817383,
                0.10519299999999999,
                0.087160000000000001,
                275916,
                282140,
                1553287200.8103449,
                27097056779817
            ],
            "Compiled": "Yes",
            "Compiled Times": 1,
            "nQuads": 1197,
            "significant_routs": [
                [
                    6,
                    "R_VCSgd_iAVhC_6",
                    7296577,
                    1364,
                    163
                ],
                [
                    27,
                    "R_VCSgd_iAVhC_1b",
                    22364664,
                    8027,
                    1175
                ],
                [
                    34,
                    "R_VCSgd_iAVhC_22",
                    12139505,
                    4145,
                    681
                ]
            ],
            "end_perf": [
                0.44870591163635254,
                0.148033,
                0.089624999999999996,
                279260,
                282140,
                27097211096414,
                12884901889,
                0
            ],
            "nMops": 3586,
            "nRouts": 51
        },
        "_vcs_unit__1509417242": {
            "child_modules": {},
            "start_perf": [
                0.36402487754821777,
                0.086010000000000003,
                0.075891,
                272368,
                282140,
                1553287200.7740359,
                27096941108314
            ],
            "Compiled": "Yes",
            "Compiled Times": 1,
            "nQuads": 11,
            "significant_routs": [
                [
                    1,
                    "R_VCSgd_Wrsvd_1",
                    14809720,
                    288,
                    33
                ]
            ],
            "end_perf": [
                0.38103294372558594,
                0.088537000000000005,
                0.084512000000000004,
                275616,
                282140,
                27096995463189,
                4294967297,
                0
            ],
            "nMops": 33,
            "nRouts": 6
        },
        "std": {
            "child_modules": {},
            "start_perf": [
                0.38127398490905762,
                0.088537000000000005,
                0.084753999999999996,
                275616,
                282140,
                1553287200.791285,
                27096996097946
            ],
            "svclass": [
                "$vcs_nba_dyn_obj",
                385,
                37,
                2,
                2,
                0,
                "sigprop$$",
                385,
                37,
                2,
                2,
                0,
                "process",
                1645,
                184,
                8,
                8,
                0,
                "event",
                462,
                36,
                2,
                2,
                0,
                "mailbox",
                848,
                99,
                9,
                9,
                0,
                "semaphore",
                656,
                69,
                5,
                5,
                0
            ],
            "Compiled": "Yes",
            "Compiled Times": 1,
            "nQuads": 213,
            "significant_routs": [
                [
                    24,
                    "F_VCSgd_reYIK_24_0",
                    8531027,
                    990,
                    97
                ]
            ],
            "end_perf": [
                0.4001610279083252,
                0.105097,
                0.087081000000000006,
                275916,
                282140,
                27097056296783,
                8589934594,
                0
            ],
            "nMops": 462,
            "nRouts": 33
        }
    },
    "CompUnits": {
        "amcQw_d": {
            "checksum": 0,
            "mod": "...MASTER...",
            "out": "objs/amcQw_d.o",
            "bytes": 7866,
            "text": 458,
            "mode": 4
        },
        "reYIK_d": {
            "checksum": 0,
            "mod": "std",
            "out": "reYIK_d.o",
            "bytes": 32908,
            "text": 4650,
            "mode": 4,
            "cls": 4381,
            "archive": "archive.0/_23001_archive_1.a"
        },
        "Wrsvd_d": {
            "checksum": 0,
            "mod": "_vcs_unit__1509417242",
            "out": "Wrsvd_d.o",
            "bytes": 20912,
            "text": 501,
            "mode": 4,
            "archive": "archive.0/_23001_archive_1.a"
        },
        "iAVhC_d": {
            "checksum": 0,
            "mod": "testbench",
            "out": "iAVhC_d.o",
            "bytes": 49246,
            "text": 23970,
            "mode": 4,
            "archive": "archive.0/_23001_archive_1.a"
        }
    },
    "reusePaths": {},
    "stat": {
        "peak_mem_kb": 282140,
        "ru_self_end": {
            "ru_majflt": 4,
            "ru_maxrss_kb": 85092,
            "ru_utime_sec": 0.15157999999999999,
            "ru_stime_sec": 0.093978999999999993,
            "ru_minflt": 27378,
            "ru_nvcsw": 188,
            "ru_nivcsw": 6
        },
        "ru_childs_end": {
            "ru_majflt": 0,
            "ru_maxrss_kb": 24352,
            "ru_utime_sec": 0.010317,
            "ru_stime_sec": 0.012508999999999999,
            "ru_minflt": 6345,
            "ru_nvcsw": 17,
            "ru_nivcsw": 6
        },
        "cpu_cycles_end": 27097346067851
    },
    "ObjArchives": [
        {
            "archive": "archive.0/_23001_archive_1.a",
            "objects": [
                [
                    "Wrsvd_d.o",
                    20912
                ],
                [
                    "reYIK_d.o",
                    32908
                ],
                [
                    "iAVhC_d.o",
                    49246
                ],
                [
                    "amcQwB.o",
                    68426
                ]
            ],
            "size": 171492
        }
    ]
}