{
    "ObjArchives": [
        {
            "archive": "archive.0/_1516_archive_1.a",
            "objects": [
                [
                    "Wrsvd_d.o",
                    20912
                ],
                [
                    "reYIK_d.o",
                    32908
                ],
                [
                    "iAVhC_d.o",
                    94136
                ],
                [
                    "amcQwB.o",
                    73532
                ]
            ],
            "size": 221488
        }
    ],
    "CompUnits": {
        "amcQw_d": {
            "mod": "...MASTER...",
            "out": "objs/amcQw_d.o",
            "bytes": 7866,
            "mode": 4,
            "text": 458,
            "checksum": 0
        },
        "Wrsvd_d": {
            "mod": "_vcs_unit__1509417242",
            "out": "Wrsvd_d.o",
            "archive": "archive.0/_1516_archive_1.a",
            "bytes": 20912,
            "mode": 4,
            "text": 501,
            "checksum": 0
        },
        "reYIK_d": {
            "cls": 4381,
            "mod": "std",
            "out": "reYIK_d.o",
            "archive": "archive.0/_1516_archive_1.a",
            "bytes": 32908,
            "mode": 4,
            "text": 4650,
            "checksum": 0
        },
        "iAVhC_d": {
            "mod": "testbench",
            "out": "iAVhC_d.o",
            "archive": "archive.0/_1516_archive_1.a",
            "bytes": 94136,
            "mode": 4,
            "text": 44524,
            "checksum": 0
        }
    },
    "Modules": {
        "...MASTER...": {
            "child_modules": {
                "_vcs_unit__1509417242": 1,
                "std": 1,
                "testbench": 1
            },
            "start_perf": [
                0.30620503425598145,
                0.086992,
                0.053218000000000001,
                270100,
                282140,
                1553379470.84026,
                60556511494240
            ],
            "nMops": 0,
            "nQuads": 0,
            "end_perf": [
                0.31683897972106934,
                0.086992,
                0.058488999999999999,
                272492,
                282140,
                60556549903926,
                0,
                0
            ],
            "nRouts": 5
        },
        "_vcs_unit__1509417242": {
            "child_modules": {},
            "start_perf": [
                0.31700801849365234,
                0.086992,
                0.058659000000000003,
                272492,
                282140,
                1553379470.851063,
                60556550458536
            ],
            "Compiled": "Yes",
            "Compiled Times": 1,
            "significant_routs": [
                [
                    1,
                    "R_VCSgd_Wrsvd_1",
                    10467980,
                    288,
                    33
                ]
            ],
            "end_perf": [
                0.32873797416687012,
                0.090246999999999994,
                0.061168,
                275676,
                282140,
                60556592754178,
                4294967297,
                0
            ],
            "nQuads": 11,
            "nMops": 33,
            "nRouts": 6
        },
        "std": {
            "child_modules": {},
            "start_perf": [
                0.3288578987121582,
                0.090318999999999997,
                0.061216,
                275676,
                282140,
                1553379470.8629129,
                60556593110466
            ],
            "Compiled": "Yes",
            "Compiled Times": 1,
            "end_perf": [
                0.3390810489654541,
                0.097457000000000002,
                0.064300999999999997,
                275868,
                282140,
                60556629979266,
                8589934594,
                0
            ],
            "nQuads": 213,
            "nMops": 462,
            "svclass": [
                "$vcs_nba_dyn_obj",
                385,
                37,
                2,
                2,
                0,
                "sigprop$$",
                385,
                37,
                2,
                2,
                0,
                "process",
                1645,
                184,
                8,
                8,
                0,
                "event",
                462,
                36,
                2,
                2,
                0,
                "mailbox",
                848,
                99,
                9,
                9,
                0,
                "semaphore",
                656,
                69,
                5,
                5,
                0
            ],
            "nRouts": 33
        },
        "testbench": {
            "child_modules": {},
            "start_perf": [
                0.33920907974243164,
                0.097533999999999996,
                0.064352000000000006,
                275868,
                282140,
                1553379470.8732641,
                60556630374876
            ],
            "Compiled": "Yes",
            "Compiled Times": 1,
            "significant_routs": [
                [
                    57,
                    "R_VCSgd_iAVhC_39",
                    9796238,
                    4148,
                    662
                ],
                [
                    61,
                    "R_VCSgd_iAVhC_3d",
                    6288486,
                    3525,
                    573
                ],
                [
                    62,
                    "R_VCSgd_iAVhC_3e",
                    11325374,
                    6409,
                    1172
                ],
                [
                    63,
                    "R_VCSgd_iAVhC_3f",
                    13708550,
                    8279,
                    1387
                ],
                [
                    64,
                    "R_VCSgd_iAVhC_40",
                    7749328,
                    4106,
                    829
                ]
            ],
            "end_perf": [
                0.38698506355285645,
                0.143454,
                0.066209000000000004,
                279792,
                282140,
                60556802249648,
                12884901889,
                0
            ],
            "nQuads": 2077,
            "nMops": 7059,
            "nRouts": 89
        }
    },
    "reusePaths": {},
    "stat": {
        "ru_self_end": {
            "ru_utime_sec": 0.145539,
            "ru_stime_sec": 0.069255999999999998,
            "ru_maxrss_kb": 85468,
            "ru_minflt": 27482,
            "ru_nivcsw": 5,
            "ru_majflt": 0,
            "ru_nvcsw": 188
        },
        "ru_childs_end": {
            "ru_utime_sec": 0.012855,
            "ru_stime_sec": 0.010925000000000001,
            "ru_maxrss_kb": 24364,
            "ru_minflt": 6347,
            "ru_nivcsw": 6,
            "ru_majflt": 0,
            "ru_nvcsw": 17
        },
        "cpu_cycles_end": 60556890366110,
        "peak_mem_kb": 282140
    }
}