{
    "cycles_program_begin": 50796640265632,
    "stat": {
        "ru_self_cgstart": {
            "ru_minflt": 26418,
            "ru_utime_sec": 0.321737,
            "ru_stime_sec": 0.076142000000000001,
            "ru_nivcsw": 1056,
            "ru_majflt": 0,
            "ru_maxrss_kb": 86164,
            "ru_nvcsw": 754
        },
        "Frontend(%)": 55.276772595608918,
        "ru_childs_cgstart": {
            "ru_minflt": 6347,
            "ru_utime_sec": 0.00745,
            "ru_stime_sec": 0.013254999999999999,
            "ru_nivcsw": 6,
            "ru_majflt": 0,
            "ru_maxrss_kb": 32944,
            "ru_nvcsw": 17
        },
        "nQuads": 24583,
        "cpu_cycles_cgstart": 50798834404232,
        "CodeGen(%)": 44.723227404391082,
        "realTime": 0.97781515121459961,
        "nMops": 79317,
        "cpu_cycles_end": 50800109297022,
        "ru_childs_end": {
            "ru_minflt": 6953,
            "ru_utime_sec": 0.0093310000000000008,
            "ru_stime_sec": 0.014196,
            "ru_nivcsw": 8,
            "ru_majflt": 0,
            "ru_maxrss_kb": 33320,
            "ru_nvcsw": 19
        },
        "totalObjSize": 921088,
        "cpu_cycles_total": 3469031390,
        "ru_self_end": {
            "ru_minflt": 32266,
            "ru_utime_sec": 0.58619399999999999,
            "ru_stime_sec": 0.102858,
            "ru_nivcsw": 1074,
            "ru_majflt": 0,
            "ru_maxrss_kb": 98680,
            "ru_nvcsw": 898
        },
        "mopSpeed": 297805.7956431302,
        "quadSpeed": 92300.00976203171,
        "mop/quad": 3.2264979864133752,
        "outputSizePerQuad": 37.468494488060855,
        "peak_mem_kb": 287676
    },
    "perf": [
        [
            0.16614103317260742,
            0.036934000000000002,
            0.031942999999999999,
            266876,
            267676,
            1553737244.4222369,
            50797188105450,
            "doParsingAndDesignResolution",
            "entry"
        ],
        [
            0.27587604522705078,
            0.13330600000000001,
            0.041782,
            271852,
            272500,
            1553737244.5319719,
            50797582759510,
            "doParsingAndDesignResolution",
            "exit"
        ],
        [
            0.28429102897644043,
            0.137906,
            0.041971000000000001,
            271852,
            272500,
            1553737244.5403869,
            50797612977596,
            "doPostDesignResolutionToVir2Vcs",
            "entry"
        ],
        [
            0.35454607009887695,
            0.187502,
            0.051137000000000002,
            276488,
            276492,
            1553737244.610642,
            50797865880072,
            "doUptoVir2VcsNoSepCleanup",
            "entry"
        ],
        [
            0.56565022468566895,
            0.309033,
            0.069556999999999994,
            287488,
            287508,
            1553737244.8217461,
            50798625877222,
            "doUptoVir2VcsNoSepCleanup",
            "exit"
        ],
        [
            0.56572699546813965,
            0.30909700000000001,
            0.069570999999999994,
            287488,
            287508,
            1553737244.8218229,
            50798626102408,
            "doRadify_vir2vcsAll",
            "entry"
        ],
        [
            0.5825650691986084,
            0.321737,
            0.070942000000000005,
            287488,
            287508,
            1553737244.838661,
            50798686792046,
            "doRadify_vir2vcsAll",
            "exit"
        ],
        [
            0.5826261043548584,
            0.321737,
            0.071002999999999997,
            287488,
            287508,
            1553737244.838722,
            50798686937058,
            "doPostDesignResolutionToVir2Vcs",
            "exit"
        ],
        [
            0.58266520500183105,
            0.321737,
            0.071041999999999994,
            287488,
            287508,
            1553737244.8387611,
            50798687069544,
            "doGAToPass2",
            "entry"
        ],
        [
            0.62352705001831055,
            0.321737,
            0.076050999999999994,
            285672,
            287508,
            1553737244.8796229,
            50798834233480,
            "DoPass2",
            "entry"
        ],
        [
            0.9556879997253418,
            0.58237399999999995,
            0.10154199999999999,
            287648,
            287676,
            1553737245.2117839,
            50800030016276,
            "DoPass2",
            "exit"
        ]
    ],
    "NameTable": {
        "...MASTER...": [
            "SIM",
            "amcQw",
            "module",
            15
        ],
        "encoder_0000": [
            "encoder_0000",
            "TAk7p",
            "module",
            4
        ],
        "_vcs_unit__487125699": [
            "_vcs_unit__487125699",
            "AKFEj",
            "module",
            1
        ],
        "RAS": [
            "RAS",
            "uxcB4",
            "module",
            9
        ],
        "psel_single_0000": [
            "psel_single_0000",
            "fZf2W",
            "module",
            5
        ],
        "psel_generic_0001": [
            "psel_generic_0001",
            "AB3cL",
            "module",
            16
        ],
        "wb_stage": [
            "wb_stage",
            "k5Lv0",
            "module",
            8
        ],
        "pipeline": [
            "pipeline",
            "yGssz",
            "module",
            3
        ],
        "std": [
            "std",
            "reYIK",
            "module",
            2
        ],
        "Arch_Map_Table": [
            "Arch_Map_Table",
            "vi4tn",
            "module",
            18
        ],
        "testbench": [
            "testbench",
            "iAVhC",
            "module",
            14
        ],
        "GSHARE": [
            "GSHARE",
            "mit1J",
            "module",
            12
        ],
        "mem_stage": [
            "mem_stage",
            "zFRI0",
            "module",
            11
        ],
        "alu": [
            "alu",
            "C26kq",
            "module",
            6
        ],
        "ROB": [
            "ROB",
            "z3nYL",
            "module",
            19
        ],
        "Free_List": [
            "Free_List",
            "DTPgt",
            "module",
            17
        ],
        "regfile": [
            "regfile",
            "Nxspn",
            "module",
            10
        ],
        "mem": [
            "mem",
            "FSbWZ",
            "module",
            13
        ],
        "RS_0000": [
            "RS_0000",
            "vG3v3",
            "module",
            20
        ]
    },
    "PEModules": [],
    "incremental": "on",
    "cpu_cycles_pass2_start": 50798834262244,
    "MlibObjs": {},
    "PrevCompiledModules": {
        "ROB": {
            "z3nYL_d": {
                "archive": "archive.15/_prev_archive_1.a",
                "mode": 4,
                "bytes": 41238,
                "mod": "ROB",
                "checksum": 0,
                "out": "z3nYL_d.o"
            }
        },
        "Free_List": {
            "DTPgt_d": {
                "archive": "archive.15/_16277_archive_1.a",
                "mode": 4,
                "bytes": 22238,
                "mod": "Free_List",
                "checksum": 0,
                "out": "DTPgt_d.o"
            }
        },
        "psel_single_0000": {
            "fZf2W_d": {
                "archive": "archive.15/_prev_archive_1.a",
                "mode": 4,
                "bytes": 41380,
                "mod": "psel_single_0000",
                "checksum": 0,
                "out": "fZf2W_d.o"
            }
        },