{
    "stat": {
        "ru_self_cgstart": {
            "ru_utime_sec": 0.30418699999999999,
            "ru_stime_sec": 0.083600999999999995,
            "ru_majflt": 0,
            "ru_maxrss_kb": 86276,
            "ru_nvcsw": 426,
            "ru_minflt": 26762,
            "ru_nivcsw": 853
        },
        "cpu_cycles_cgstart": 26244951650235,
        "cpu_cycles_total": 3286770677,
        "Frontend(%)": 49.448352965547564,
        "ru_childs_cgstart": {
            "ru_utime_sec": 0.0085140000000000007,
            "ru_stime_sec": 0.0099179999999999997,
            "ru_majflt": 0,
            "ru_maxrss_kb": 33028,
            "ru_nvcsw": 18,
            "ru_minflt": 6345,
            "ru_nivcsw": 8
        },
        "nMops": 120613,
        "nQuads": 35690,
        "totalObjSize": 1209702,
        "ru_self_end": {
            "ru_utime_sec": 0.62260899999999997,
            "ru_stime_sec": 0.110462,
            "ru_majflt": 0,
            "ru_maxrss_kb": 99020,
            "ru_nvcsw": 673,
            "ru_minflt": 32727,
            "ru_nivcsw": 892
        },
        "quadSpeed": 111643.59136380987,
        "CodeGen(%)": 50.551647034452429,
        "ru_childs_end": {
            "ru_utime_sec": 0.0097699999999999992,
            "ru_stime_sec": 0.011173000000000001,
            "ru_majflt": 0,
            "ru_maxrss_kb": 33404,
            "ru_nvcsw": 20,
            "ru_minflt": 6950,
            "ru_nivcsw": 11
        },
        "cpu_cycles_end": 26246281286651,
        "mop/quad": 3.3794620341832444,
        "mopSpeed": 377295.27837386384,
        "outputSizePerQuad": 33.894704398991315,
        "peak_mem_kb": 287836,
        "realTime": 1.0469138622283936
    },
    "cycles_program_begin": 26242994515974,
    "cpu_cycles_pass2_start": 26244951561274,
    "perf": [
        [
            0.1722109317779541,
            0.045641000000000001,
            0.03347,
            267008,
            267676,
            1553823916.204654,
            26243490047070,
            "doParsingAndDesignResolution",
            "entry"
        ],
        [
            0.2666628360748291,
            0.12306400000000001,
            0.048418000000000003,
            271884,
            272532,
            1553823916.2991059,
            26243791023367,
            "doParsingAndDesignResolution",
            "exit"
        ],
        [
            0.27591705322265625,
            0.12603400000000001,
            0.049803,
            271884,
            272532,
            1553823916.3083601,
            26243820538133,
            "doPostDesignResolutionToVir2Vcs",
            "entry"
        ],
        [
            0.35323905944824219,
            0.16766300000000001,
            0.061624999999999999,
            276520,
            276524,
            1553823916.3856821,
            26244067349995,
            "doUptoVir2VcsNoSepCleanup",
            "entry"
        ],
        [
            0.57744383811950684,
            0.29218,
            0.076571,
            287648,
            287668,
            1553823916.6098869,
            26244783042754,
            "doUptoVir2VcsNoSepCleanup",
            "exit"
        ],
        [
            0.57751989364624023,
            0.29224099999999997,
            0.076587000000000002,
            287648,
            287668,
            1553823916.6099629,
            26244783241075,
            "doRadify_vir2vcsAll",
            "entry"
        ],
        [
            0.59520101547241211,
            0.30287500000000001,
            0.080498,
            287648,
            287668,
            1553823916.6276441,
            26244839700933,
            "doRadify_vir2vcsAll",
            "exit"
        ],
        [
            0.59524893760681152,
            0.30291400000000002,
            0.080507999999999996,
            287648,
            287668,
            1553823916.627692,
            26244839820597,
            "doPostDesignResolutionToVir2Vcs",
            "exit"
        ],
        [
            0.59528493881225586,
            0.30294300000000002,
            0.080516000000000004,
            287648,
            287668,
            1553823916.627728,
            26244839929695,
            "doGAToPass2",
            "entry"
        ],
        [
            0.6302330493927002,
            0.30412699999999998,
            0.083584000000000006,
            285832,
            287668,
            1553823916.6626761,
            26244951537121,
            "DoPass2",
            "entry"
        ],
        [
            1.0165979862213135,
            0.62026599999999998,
            0.107392,
            287808,
            287836,
            1553823917.049041,
            26246184812071,
            "DoPass2",
            "exit"
        ]
    ],
    "LVLData": [
        "SIM"
    ],
    "MlibObjs": {},
    "CurCompileModules": [
        "...MASTER...",
        "_vcs_unit__487125699",
        "_vcs_unit__487125699",
        "std",
        "pipeline_0000",
        "pipeline_0000",
        "encoder_0000",
        "encoder_0000",
        "psel_generic_0001",
        "psel_generic_0001",
        "psel_single_0000",
        "psel_single_0000",
        "phys_regfile",
        "phys_regfile",
        "mem_stage",
        "mem_stage",
        "alu",
        "alu",
        "Free_List",
        "Free_List",
        "wb_stage",
        "wb_stage",
        "ROB",
        "ROB",
        "RAS",
        "RAS",
        "Arch_Map_Table",
        "Arch_Map_Table",
        "regfile",
        "regfile",
        "RS_0000",
        "RS_0000",
        "GSHARE",
        "GSHARE",
        "mem",
        "mem",
        "testbench",
        "testbench"
    ],
    "PEModules": [],
    "PrevCompiledModules": {
        "Free_List": {
            "DTPgt_d": {
                "archive": "archive.33/_5309_archive_1.a",
                "mod": "Free_List",
                "bytes": 22238,
                "out": "DTPgt_d.o",
                "mode": 4,
                "checksum": 0
            }
        },
        "ROB": {
            "z3nYL_d": {
                "archive": "archive.33/_5309_archive_1.a",
                "mod": "ROB",
                "bytes": 41238,
                "out": "z3nYL_d.o",
                "mode": 4,
                "checksum": 0
            }
        },
        "psel_generic_0001": {
            "AB3cL_d": {
                "archive": "archive.33/_5309_archive_1.a",
                "mod": "psel_generic_0001",
                "bytes": 17772,
                "out": "AB3cL_d.o",
                "mode": 4,
                "checksum": 0
            }
        },
        "psel_single_0000": {
            "fZf2W_d": {
                "archive": "archive.33/_5309_archive_1.a",
                "mod": "psel_single_0000",
                "bytes": 41380,
                "out": "fZf2W_d.o",
                "mode": 4,
                "checksum": 0
            }
        },
        "mem": {
            "FSbWZ_d": {
                "archive": "archive.33/_5309_archive_1.a",
                "mod": "mem",
                "bytes": 22976,
                "out": "FSbWZ_d.o",
                "mode": 4,
                "checksum": 0
            }
        },
        "testbench": {
            "iAVhC_d": {
                "archive": "archive.33/_5309_archive_1.a",
                "mod": "testbench",
                "bytes": 123140,
                "out": "iAVhC_d.o",
                "mode": 4,
                "checksum": 0
            }
        },
        "_vcs_unit__487125699": {
            "AKFEj_d": {
                "archive": "archive.33/_5309_archive_1.a",
                "mod": "_vcs_unit__487125699",
                "bytes": 37766,
                "out": "AKFEj_d.o",
                "mode": 4,
                "checksum": 0
            }
        },
        "mem_stage": {
            "zFRI0_d": {
                "archive": "archive.33/_5309_archive_1.a",
                "mod": "mem_stage",
                "bytes": 16876,