{
    "cycles_program_begin": 57128991758406,
    "perf": [
        [
            0.16231989860534668,
            0.035380000000000002,
            0.030325000000000001,
            266904,
            267520,
            1553638138.6452579,
            57129529444200,
            "doParsingAndDesignResolution",
            "entry"
        ],
        [
            0.25088286399841309,
            0.110656,
            0.040873,
            270640,
            271288,
            1553638138.7338209,
            57129847885640,
            "doParsingAndDesignResolution",
            "exit"
        ],
        [
            0.25096487998962402,
            0.110717,
            0.040895000000000001,
            270640,
            271288,
            1553638138.7339029,
            57129848116186,
            "doPostDesignResolutionToVir2Vcs",
            "entry"
        ],
        [
            0.31342697143554688,
            0.150168,
            0.054059999999999997,
            275332,
            275336,
            1553638138.796365,
            57130073012610,
            "doUptoVir2VcsNoSepCleanup",
            "entry"
        ],
        [
            0.4271240234375,
            0.24229400000000001,
            0.058311000000000002,
            271740,
            284944,
            1553638138.9100621,
            57130482339406,
            "doUptoVir2VcsNoSepCleanup",
            "exit"
        ],
        [
            0.4272010326385498,
            0.24235599999999999,
            0.058326000000000003,
            271740,
            284944,
            1553638138.9101391,
            57130482567590,
            "doRadify_vir2vcsAll",
            "entry"
        ],
        [
            0.44128894805908203,
            0.25209799999999999,
            0.060262000000000003,
            274264,
            284944,
            1553638138.924227,
            57130533333868,
            "doRadify_vir2vcsAll",
            "exit"
        ],
        [
            0.44134283065795898,
            0.25214199999999998,
            0.060273,
            274264,
            284944,
            1553638138.9242809,
            57130533473622,
            "doPostDesignResolutionToVir2Vcs",
            "exit"
        ],
        [
            0.44138002395629883,
            0.25217200000000001,
            0.06028,
            274264,
            284944,
            1553638138.9243181,
            57130533603450,
            "doGAToPass2",
            "entry"
        ],
        [
            0.47649097442626953,
            0.25427100000000002,
            0.062808000000000003,
            272448,
            284944,
            1553638138.959429,
            57130660061046,
            "DoPass2",
            "entry"
        ],
        [
            0.58894991874694824,
            0.32395600000000002,
            0.082257999999999998,
            283724,
            284944,
            1553638139.071888,
            57131064927184,
            "DoPass2",
            "exit"
        ]
    ],
    "cpu_cycles_pass2_start": 57130660081186,
    "PrevCompiledModules": {
        "psel_single_0000": {
            "fZf2W_d": {
                "bytes": 27224,
                "mod": "psel_single_0000",
                "mode": 4,
                "out": "fZf2W_d.o",
                "checksum": 0,
                "archive": "archive.7/_prev_archive_1.a"
            }
        },
        "...MASTER...": {
            "amcQw_d": {
                "bytes": 9632,
                "mod": "...MASTER...",
                "mode": 4,
                "out": "objs/amcQw_d.o",
                "checksum": 0
            }
        },
        "_vcs_unit__3978149292": {
            "AFa3z_d": {
                "bytes": 33702,
                "mod": "_vcs_unit__3978149292",
                "mode": 4,
                "out": "AFa3z_d.o",
                "checksum": 0,
                "archive": "archive.7/_prev_archive_1.a"
            }
        },
        "std": {
            "reYIK_d": {
                "bytes": 32908,
                "mod": "std",
                "out": "reYIK_d.o",
                "mode": 4,
                "checksum": 0,
                "archive": "archive.7/_prev_archive_1.a"
            }
        },
        "wb_stage": {
            "k5Lv0_d": {
                "bytes": 9306,
                "mod": "wb_stage",
                "mode": 4,
                "out": "k5Lv0_d.o",
                "checksum": 0,
                "archive": "archive.7/_prev_archive_1.a"
            }
        },
        "mem_stage": {
            "zFRI0_d": {
                "bytes": 14258,
                "mod": "mem_stage",
                "mode": 4,
                "out": "zFRI0_d.o",
                "checksum": 0,
                "archive": "archive.7/_prev_archive_1.a"
            }
        },
        "regfile": {
            "Nxspn_d": {
                "bytes": 13728,
                "mod": "regfile",
                "mode": 4,
                "out": "Nxspn_d.o",
                "checksum": 0,
                "archive": "archive.7/_prev_archive_1.a"
            }
        },
        "mem": {
            "FSbWZ_d": {
                "bytes": 17890,
                "mod": "mem",
                "mode": 4,
                "out": "FSbWZ_d.o",
                "checksum": 0,
                "archive": "archive.7/_prev_archive_1.a"
            }
        },
        "RAS": {
            "uxcB4_d": {
                "bytes": 16270,
                "mod": "RAS",
                "mode": 4,
                "out": "uxcB4_d.o",
                "checksum": 0,
                "archive": "archive.7/_prev_archive_1.a"
            }
        },
        "mult_stage": {
            "aUVMg_d": {
                "bytes": 13288,
                "mod": "mult_stage",
                "mode": 4,
                "out": "aUVMg_d.o",
                "checksum": 0,
                "archive": "archive.7/_prev_archive_1.a"
            }
        },
        "testbench": {
            "iAVhC_d": {
                "bytes": 71590,
                "mod": "testbench",
                "mode": 4,
                "out": "iAVhC_d.o",
                "checksum": 0,
                "archive": "archive.7/_25682_archive_1.a"
            }
        },
        "encoder_0000": {
            "TAk7p_d": {
                "bytes": 16762,
                "mod": "encoder_0000",
                "mode": 4,
                "out": "TAk7p_d.o",
                "checksum": 0,
                "archive": "archive.7/_prev_archive_1.a"
            }
        },
        "alu": {
            "C26kq_d": {
                "bytes": 15322,
                "mod": "alu",
                "mode": 4,
                "out": "C26kq_d.o",
                "checksum": 0,
                "archive": "archive.7/_prev_archive_1.a"
            }
        },
        "pipeline": {
            "yGssz_d": {
                "bytes": 331440,
                "mod": "pipeline",
                "mode": 4,
                "out": "yGssz_d.o",
                "checksum": 0,
                "archive": "archive.7/_prev_archive_1.a"
            }
        }
    },
    "rlimit": {
        "stack": -1,
        "data": -1
    },
    "MlibObjs": {},
    "incremental": "on",
    "Misc": {
        "vcs_version": "N-2017.12-SP2-1_Full64",
        "vcs_build_date": "Build Date = Jul 14 2018 20:29:59",
        "master_pid": 25682,
        "csrc": "csrc",
        "VCS_HOME": "/usr/caen/vcs-2017.12-SP2-1",
        "cwd": "/afs/umich.edu/user/s/u/surajrs/470/group10w19/synth/pipeline",
        "csrc_abs": "/afs/umich.edu/user/s/u/surajrs/470/group10w19/synth/pipeline/csrc",
        "daidir_abs": "/afs/umich.edu/user/s/u/surajrs/470/group10w19/synth/pipeline/simv_pipeline.daidir",
        "daidir": "/afs/umich.edu/user/s/u/surajrs/470/group10w19/synth/pipeline/simv_pipeline.daidir",
        "default_output_dir": "csrc",
        "archive_dir": "archive.7"
    },