{
    "cycles_program_begin": 27034552762574,
    "stat": {
        "ru_self_cgstart": {
            "ru_utime_sec": 0.34436600000000001,
            "ru_stime_sec": 0.088868000000000003,
            "ru_nvcsw": 202,
            "ru_maxrss_kb": 86100,
            "ru_nivcsw": 870,
            "ru_minflt": 26718,
            "ru_majflt": 0
        },
        "ru_childs_end": {
            "ru_utime_sec": 0.015350000000000001,
            "ru_stime_sec": 0.016351000000000001,
            "ru_nvcsw": 19,
            "ru_maxrss_kb": 33248,
            "ru_nivcsw": 8,
            "ru_minflt": 6942,
            "ru_majflt": 0
        },
        "cpu_cycles_cgstart": 27036656375519,
        "ru_self_end": {
            "ru_utime_sec": 0.56324099999999999,
            "ru_stime_sec": 0.13270599999999999,
            "ru_nvcsw": 273,
            "ru_maxrss_kb": 97644,
            "ru_nivcsw": 878,
            "ru_minflt": 32238,
            "ru_majflt": 0
        },
        "quadSpeed": 106794.94025316685,
        "nQuads": 23800,
        "ru_childs_cgstart": {
            "ru_utime_sec": 0.011368,
            "ru_stime_sec": 0.010378999999999999,
            "ru_nvcsw": 17,
            "ru_maxrss_kb": 32876,
            "ru_nivcsw": 6,
            "ru_minflt": 6340,
            "ru_majflt": 0
        },
        "cpu_cycles_total": 3155739976,
        "mopSpeed": 344503.42596373463,
        "nMops": 76775,
        "Frontend(%)": 61.482809100037855,
        "totalObjSize": 543806,
        "cpu_cycles_end": 27037708502550,
        "mop/quad": 3.2258403361344539,
        "outputSizePerQuad": 22.848991596638655,
        "CodeGen(%)": 38.517190899962152,
        "peak_mem_kb": 287672,
        "realTime": 1.0017919540405273
    },
    "perf": [
        [
            0.17271208763122559,
            0.043053000000000001,
            0.036902999999999998,
            267008,
            267676,
            1553806753.661669,
            27035062886027,
            "doParsingAndDesignResolution",
            "entry"
        ],
        [
            0.24771904945373535,
            0.112137,
            0.041419999999999998,
            271844,
            272492,
            1553806753.736676,
            27035301793066,
            "doParsingAndDesignResolution",
            "exit"
        ],
        [
            0.25553297996520996,
            0.113249,
            0.043478999999999997,
            271844,
            272492,
            1553806753.7444899,
            27035326698320,
            "doPostDesignResolutionToVir2Vcs",
            "entry"
        ],
        [
            0.31700611114501953,
            0.151562,
            0.054561999999999999,
            276488,
            276492,
            1553806753.805963,
            27035522926036,
            "doUptoVir2VcsNoSepCleanup",
            "entry"
        ],
        [
            0.58554196357727051,
            0.31280799999999997,
            0.074429999999999996,
            287484,
            287504,
            1553806754.0744989,
            27036380388778,
            "doUptoVir2VcsNoSepCleanup",
            "exit"
        ],
        [
            0.58573603630065918,
            0.31296600000000002,
            0.074467000000000005,
            287484,
            287504,
            1553806754.074693,
            27036380927108,
            "doRadify_vir2vcsAll",
            "entry"
        ],
        [
            0.62288498878479004,
            0.340389,
            0.080326999999999996,
            287484,
            287504,
            1553806754.1118419,
            27036499421537,
            "doRadify_vir2vcsAll",
            "exit"
        ],
        [
            0.62297201156616211,
            0.34045999999999998,
            0.080343999999999999,
            287484,
            287504,
            1553806754.1119289,
            27036499651325,
            "doPostDesignResolutionToVir2Vcs",
            "exit"
        ],
        [
            0.62304210662841797,
            0.34051700000000001,
            0.080357999999999999,
            287484,
            287504,
            1553806754.111999,
            27036499864697,
            "doGAToPass2",
            "entry"
        ],
        [
            0.67181706428527832,
            0.34413700000000003,
            0.088808999999999999,
            285668,
            287504,
            1553806754.160774,
            27036655960720,
            "DoPass2",
            "entry"
        ],
        [
            0.97926998138427734,
            0.56034099999999998,
            0.13125100000000001,
            287644,
            287672,
            1553806754.4682269,
            27037636888224,
            "DoPass2",
            "exit"
        ]
    ],
    "CompileProcesses": [
        "cgproc.4433.json"
    ],
    "NameTable": {
        "_vcs_unit__487125699": [
            "_vcs_unit__487125699",
            "AKFEj",
            "module",
            1
        ],
        "pipeline": [
            "pipeline",
            "yGssz",
            "module",
            3
        ],
        "std": [
            "std",
            "reYIK",
            "module",
            2
        ],
        "testbench": [
            "testbench",
            "iAVhC",
            "module",
            14
        ],
        "alu": [
            "alu",
            "C26kq",
            "module",
            6
        ],
        "ROB": [
            "ROB",
            "z3nYL",
            "module",
            18
        ],
        "psel_single_0000": [
            "psel_single_0000",
            "fZf2W",
            "module",
            5
        ],
        "encoder_0000": [
            "encoder_0000",
            "TAk7p",
            "module",
            4
        ],
        "psel_generic_0001": [
            "psel_generic_0001",
            "AB3cL",
            "module",
            16
        ],
        "RAS": [
            "RAS",
            "uxcB4",
            "module",
            9
        ],
        "wb_stage": [
            "wb_stage",
            "k5Lv0",
            "module",
            8
        ],
        "mem_stage": [
            "mem_stage",
            "zFRI0",
            "module",
            11
        ],
        "Free_List": [
            "Free_List",
            "DTPgt",
            "module",
            17
        ],
        "Arch_Map_Table": [
            "Arch_Map_Table",
            "vi4tn",
            "module",
            19
        ],
        "regfile": [
            "regfile",
            "Nxspn",
            "module",
            10
        ],
        "RS_0000": [
            "RS_0000",
            "vG3v3",
            "module",
            20
        ],
        "GSHARE": [
            "GSHARE",
            "mit1J",
            "module",
            12
        ],
        "mem": [
            "mem",
            "FSbWZ",
            "module",
            13
        ],
        "...MASTER...": [
            "SIM",
            "amcQw",
            "module",
            15
        ]
    },
    "rlimit": {
        "data": -1,
        "stack": -1
    },
    "MlibObjs": {},
    "PEModules": [],
    "PrevCompiledModules": {
        "RS_0000": {
            "vG3v3_d": {
                "archive": "archive.28/_prev_archive_1.a",
                "bytes": 220540,
                "mod": "RS_0000",
                "checksum": 0,
                "mode": 4,
                "out": "vG3v3_d.o"
            }
        },
        "regfile": {
            "Nxspn_d": {
                "archive": "archive.28/_prev_archive_1.a",
                "bytes": 15870,
                "mod": "regfile",
                "checksum": 0,
                "mode": 4,
                "out": "Nxspn_d.o"
            }
        },
        "psel_single_0000": {
            "fZf2W_d": {
                "archive": "archive.28/_prev_archive_1.a",
                "bytes": 41380,
                "mod": "psel_single_0000",
                "checksum": 0,