{
    "cycles_program_begin": 48852947580610,
    "CompileStatus": "Successful",
    "rlimit": {
        "data": -1,
        "stack": -1
    },
    "perf": [
        [
            0.15932798385620117,
            0.034716999999999998,
            0.027772999999999999,
            266904,
            267524,
            1553635839.7458999,
            48853474591676,
            "doParsingAndDesignResolution",
            "entry"
        ],
        [
            0.25086307525634766,
            0.11547200000000001,
            0.035836,
            270736,
            271384,
            1553635839.837435,
            48853803828342,
            "doParsingAndDesignResolution",
            "exit"
        ],
        [
            0.25096011161804199,
            0.11554200000000001,
            0.035857,
            270736,
            271384,
            1553635839.837532,
            48853804105290,
            "doPostDesignResolutionToVir2Vcs",
            "entry"
        ],
        [
            0.3180091381072998,
            0.16039200000000001,
            0.048432999999999997,
            275424,
            275428,
            1553635839.9045811,
            48854045514442,
            "doUptoVir2VcsNoSepCleanup",
            "entry"
        ],
        [
            0.44411706924438477,
            0.26277299999999998,
            0.054952000000000001,
            271716,
            284920,
            1553635840.030689,
            48854499518354,
            "doUptoVir2VcsNoSepCleanup",
            "exit"
        ],
        [
            0.44419217109680176,
            0.26283499999999999,
            0.054965,
            271716,
            284920,
            1553635840.0307641,
            48854499738168,
            "doRadify_vir2vcsAll",
            "entry"
        ],
        [
            0.45869708061218262,
            0.271094,
            0.058235000000000002,
            274564,
            284920,
            1553635840.045269,
            48854552006502,
            "doRadify_vir2vcsAll",
            "exit"
        ],
        [
            0.45875000953674316,
            0.27113900000000002,
            0.058243999999999997,
            274564,
            284920,
            1553635840.0453219,
            48854552144656,
            "doPostDesignResolutionToVir2Vcs",
            "exit"
        ],
        [
            0.45878815650939941,
            0.27116899999999999,
            0.058250999999999997,
            274564,
            284920,
            1553635840.0453601,
            48854552273328,
            "doGAToPass2",
            "entry"
        ],
        [
            0.4952540397644043,
            0.27362500000000001,
            0.061138999999999999,
            272748,
            284920,
            1553635840.081826,
            48854683651440,
            "DoPass2",
            "entry"
        ],
        [
            0.74767518043518066,
            0.48968699999999998,
            0.073462,
            285892,
            285916,
            1553635840.3342471,
            48855592324924,
            "DoPass2",
            "exit"
        ]
    ],
    "LVLData": [
        "SIM"
    ],
    "PEModules": [],
    "MlibObjs": {},
    "CurCompileUdps": {},
    "PrevCompiledModules": {
        "pipeline": {
            "yGssz_d": {
                "bytes": 331440,
                "mod": "pipeline",
                "out": "yGssz_d.o",
                "mode": 4,
                "archive": "archive.5/_9677_archive_1.a",
                "checksum": 0
            }
        },
        "...MASTER...": {
            "amcQw_d": {
                "bytes": 10534,
                "mod": "...MASTER...",
                "out": "objs/amcQw_d.o",
                "mode": 4,
                "checksum": 0
            }
        },
        "mem_stage": {
            "zFRI0_d": {
                "bytes": 14258,
                "mod": "mem_stage",
                "out": "zFRI0_d.o",
                "mode": 4,
                "archive": "archive.5/_prev_archive_1.a",
                "checksum": 0
            }
        },
        "BP": {
            "PZVzY_d": {
                "bytes": 61102,
                "mod": "BP",
                "out": "PZVzY_d.o",
                "mode": 4,
                "archive": "archive.5/_9677_archive_1.a",
                "checksum": 0
            }
        },
        "psel_single_0000": {
            "fZf2W_d": {
                "bytes": 27224,
                "mod": "psel_single_0000",
                "out": "fZf2W_d.o",
                "mode": 4,
                "archive": "archive.5/_prev_archive_1.a",
                "checksum": 0
            }
        },
        "mem": {
            "FSbWZ_d": {
                "bytes": 17890,
                "mod": "mem",
                "out": "FSbWZ_d.o",
                "mode": 4,
                "archive": "archive.5/_9677_archive_1.a",
                "checksum": 0
            }
        },
        "_vcs_unit__3117875380": {
            "vQ8w7_d": {
                "bytes": 35878,
                "mod": "_vcs_unit__3117875380",
                "out": "vQ8w7_d.o",
                "mode": 4,
                "archive": "archive.5/_9677_archive_1.a",
                "checksum": 0
            }
        },
        "testbench": {
            "iAVhC_d": {
                "bytes": 71590,
                "mod": "testbench",
                "out": "iAVhC_d.o",
                "mode": 4,
                "archive": "archive.5/_9677_archive_1.a",
                "checksum": 0
            }
        },
        "mult_stage": {
            "aUVMg_d": {
                "bytes": 13288,
                "mod": "mult_stage",
                "out": "aUVMg_d.o",
                "mode": 4,
                "archive": "archive.5/_prev_archive_1.a",
                "checksum": 0
            }
        },
        "RAS": {
            "uxcB4_d": {
                "bytes": 16270,
                "mod": "RAS",
                "out": "uxcB4_d.o",
                "mode": 4,
                "archive": "archive.5/_prev_archive_1.a",
                "checksum": 0
            }
        },
        "regfile": {
            "Nxspn_d": {
                "bytes": 13728,
                "mod": "regfile",
                "out": "Nxspn_d.o",
                "mode": 4,
                "archive": "archive.5/_9677_archive_1.a",
                "checksum": 0
            }
        },
        "wb_stage": {
            "k5Lv0_d": {
                "bytes": 9306,
                "mod": "wb_stage",
                "out": "k5Lv0_d.o",
                "mode": 4,
                "archive": "archive.5/_prev_archive_1.a",
                "checksum": 0
            }
        },
        "std": {
            "reYIK_d": {
                "bytes": 32908,
                "mod": "std",
                "out": "reYIK_d.o",
                "mode": 4,
                "archive": "archive.5/_prev_archive_1.a",
                "checksum": 0
            }
        },
        "encoder_0000": {
            "TAk7p_d": {
                "bytes": 16762,
                "mod": "encoder_0000",
                "out": "TAk7p_d.o",
                "mode": 4,
                "archive": "archive.5/_prev_archive_1.a",
                "checksum": 0
            }
        },
        "alu": {
            "C26kq_d": {
                "bytes": 15322,
                "mod": "alu",
                "out": "C26kq_d.o",
                "mode": 4,
                "archive": "archive.5/_prev_archive_1.a",
                "checksum": 0
            }
        }
    },
    "NameTable": {
        "mem": [
            "mem",
            "FSbWZ",
            "module",
            6
        ],
        "psel_single_0000": [
            "psel_single_0000",
            "fZf2W",
            "module",
            5
        ],
        "_vcs_unit__3117875380": [
            "_vcs_unit__3117875380",
            "vQ8w7",
            "module",
            1
        ],