{
    "cycles_program_begin": 79241681001570,
    "NameTable": {
        "_vcs_unit__487125699": [
            "_vcs_unit__487125699",
            "AKFEj",
            "module",
            11
        ],
        "pipeline": [
            "pipeline",
            "yGssz",
            "module",
            3
        ],
        "mem_stage": [
            "mem_stage",
            "zFRI0",
            "module",
            7
        ],
        "testbench": [
            "testbench",
            "iAVhC",
            "module",
            14
        ],
        "mem": [
            "mem",
            "FSbWZ",
            "module",
            6
        ],
        "wb_stage": [
            "wb_stage",
            "k5Lv0",
            "module",
            10
        ],
        "std": [
            "std",
            "reYIK",
            "module",
            2
        ],
        "encoder_0000": [
            "encoder_0000",
            "TAk7p",
            "module",
            4
        ],
        "mult_stage": [
            "mult_stage",
            "aUVMg",
            "module",
            9
        ],
        "psel_single_0000": [
            "psel_single_0000",
            "fZf2W",
            "module",
            5
        ],
        "alu": [
            "alu",
            "C26kq",
            "module",
            8
        ],
        "RAS": [
            "RAS",
            "uxcB4",
            "module",
            12
        ],
        "regfile": [
            "regfile",
            "Nxspn",
            "module",
            13
        ],
        "GSHARE": [
            "GSHARE",
            "mit1J",
            "module",
            1
        ],
        "...MASTER...": [
            "SIM",
            "amcQw",
            "module",
            15
        ]
    },
    "perf": [
        [
            0.15594387054443359,
            0.035518000000000001,
            0.025918,
            266904,
            267520,
            1553645766.8950169,
            79242195377746,
            "doParsingAndDesignResolution",
            "entry"
        ],
        [
            0.24242305755615234,
            0.10877199999999999,
            0.036587000000000001,
            270696,
            271344,
            1553645766.9814961,
            79242506454692,
            "doParsingAndDesignResolution",
            "exit"
        ],
        [
            0.24250602722167969,
            0.108834,
            0.036608000000000002,
            270696,
            271344,
            1553645766.9815791,
            79242506687448,
            "doPostDesignResolutionToVir2Vcs",
            "entry"
        ],
        [
            0.30551505088806152,
            0.14788499999999999,
            0.049960999999999998,
            275336,
            275340,
            1553645767.0445881,
            79242733549756,
            "doUptoVir2VcsNoSepCleanup",
            "entry"
        ],
        [
            0.42794084548950195,
            0.24442900000000001,
            0.060365000000000002,
            271744,
            284884,
            1553645767.1670139,
            79243174293076,
            "doUptoVir2VcsNoSepCleanup",
            "exit"
        ],
        [
            0.42801189422607422,
            0.24448700000000001,
            0.060379000000000002,
            271744,
            284884,
            1553645767.1670849,
            79243174505764,
            "doRadify_vir2vcsAll",
            "entry"
        ],
        [
            0.44183897972106934,
            0.251857,
            0.063460000000000003,
            274288,
            284884,
            1553645767.180912,
            79243224326446,
            "doRadify_vir2vcsAll",
            "exit"
        ],
        [
            0.44188904762268066,
            0.25189800000000001,
            0.063469999999999999,
            274288,
            284884,
            1553645767.1809621,
            79243224467278,
            "doPostDesignResolutionToVir2Vcs",
            "exit"
        ],
        [
            0.44192695617675781,
            0.25192799999999999,
            0.063478000000000007,
            274288,
            284884,
            1553645767.181,
            79243224597100,
            "doGAToPass2",
            "entry"
        ],
        [
            0.47919797897338867,
            0.25462400000000002,
            0.064904000000000003,
            272472,
            284884,
            1553645767.218271,
            79243358824006,
            "DoPass2",
            "entry"
        ],
        [
            0.60480189323425293,
            0.34278500000000001,
            0.078950000000000006,
            283752,
            284884,
            1553645767.3438749,
            79243811219404,
            "DoPass2",
            "exit"
        ]
    ],
    "CompileProcesses": [
        "cgproc.16428.json"
    ],
    "MlibObjs": {},
    "PrevCompiledModules": {
        "pipeline": {
            "yGssz_d": {
                "bytes": 331438,
                "archive": "archive.10/_prev_archive_1.a",
                "mod": "pipeline",
                "out": "yGssz_d.o",
                "mode": 4,
                "checksum": 0
            }
        },
        "_vcs_unit__487125699": {
            "AKFEj_d": {
                "bytes": 34224,
                "archive": "archive.10/_prev_archive_1.a",
                "mod": "_vcs_unit__487125699",
                "out": "AKFEj_d.o",
                "mode": 4,
                "checksum": 0
            }
        },
        "mem_stage": {
            "zFRI0_d": {
                "bytes": 14258,
                "archive": "archive.10/_prev_archive_1.a",
                "mod": "mem_stage",
                "out": "zFRI0_d.o",
                "mode": 4,
                "checksum": 0
            }
        },
        "wb_stage": {
            "k5Lv0_d": {
                "bytes": 9306,
                "archive": "archive.10/_prev_archive_1.a",
                "mod": "wb_stage",
                "out": "k5Lv0_d.o",
                "mode": 4,
                "checksum": 0
            }
        },
        "encoder_0000": {
            "TAk7p_d": {
                "bytes": 16762,
                "archive": "archive.10/_prev_archive_1.a",
                "mod": "encoder_0000",
                "out": "TAk7p_d.o",
                "mode": 4,
                "checksum": 0
            }
        },
        "mem": {
            "FSbWZ_d": {
                "bytes": 17888,
                "archive": "archive.10/_prev_archive_1.a",
                "mod": "mem",
                "out": "FSbWZ_d.o",
                "mode": 4,
                "checksum": 0
            }
        },
        "mult_stage": {
            "aUVMg_d": {
                "bytes": 13288,
                "archive": "archive.10/_prev_archive_1.a",
                "mod": "mult_stage",
                "out": "aUVMg_d.o",
                "mode": 4,
                "checksum": 0
            }
        },
        "std": {
            "reYIK_d": {
                "bytes": 32908,
                "archive": "archive.10/_prev_archive_1.a",
                "mod": "std",
                "mode": 4,
                "checksum": 0,
                "out": "reYIK_d.o"
            }
        },
        "testbench": {
            "iAVhC_d": {
                "bytes": 49740,
                "archive": "archive.10/_16428_archive_1.a",
                "mod": "testbench",
                "out": "iAVhC_d.o",
                "mode": 4,
                "checksum": 0
            }
        },
        "psel_single_0000": {
            "fZf2W_d": {
                "bytes": 27224,
                "archive": "archive.10/_prev_archive_1.a",
                "mod": "psel_single_0000",
                "out": "fZf2W_d.o",
                "mode": 4,
                "checksum": 0
            }
        },
        "regfile": {
            "Nxspn_d": {
                "bytes": 13726,