{
    "cycles_program_begin": 43081124155007,
    "MlibObjs": {},
    "perf": [
        [
            0.16127610206604004,
            0.024671999999999999,
            0.043422000000000002,
            267008,
            267676,
            1553811780.7412741,
            43081596222178,
            "doParsingAndDesignResolution",
            "entry"
        ],
        [
            0.2707209587097168,
            0.125226,
            0.050286999999999998,
            271844,
            272492,
            1553811780.850719,
            43081945057369,
            "doParsingAndDesignResolution",
            "exit"
        ],
        [
            0.27839398384094238,
            0.12664,
            0.05203,
            271844,
            272492,
            1553811780.858392,
            43081969526665,
            "doPostDesignResolutionToVir2Vcs",
            "entry"
        ],
        [
            0.3513948917388916,
            0.16942499999999999,
            0.071562000000000001,
            276492,
            276496,
            1553811780.9313929,
            43082202586130,
            "doUptoVir2VcsNoSepCleanup",
            "entry"
        ],
        [
            0.59731388092041016,
            0.324409,
            0.082594000000000001,
            287524,
            287544,
            1553811781.1773119,
            43082987543309,
            "doUptoVir2VcsNoSepCleanup",
            "exit"
        ],
        [
            0.59738898277282715,
            0.32446799999999998,
            0.082610000000000003,
            287524,
            287544,
            1553811781.177387,
            43082987737106,
            "doRadify_vir2vcsAll",
            "entry"
        ],
        [
            0.61423397064208984,
            0.33498099999999997,
            0.084741999999999998,
            287524,
            287544,
            1553811781.194232,
            43083041547129,
            "doRadify_vir2vcsAll",
            "exit"
        ],
        [
            0.61428594589233398,
            0.33498099999999997,
            0.084793999999999994,
            287524,
            287544,
            1553811781.194284,
            43083041671553,
            "doPostDesignResolutionToVir2Vcs",
            "exit"
        ],
        [
            0.61432409286499023,
            0.33498099999999997,
            0.084832000000000005,
            287524,
            287544,
            1553811781.1943221,
            43083041786708,
            "doGAToPass2",
            "entry"
        ],
        [
            0.65972709655761719,
            0.338202,
            0.092781000000000002,
            285708,
            287544,
            1553811781.2397251,
            43083187266477,
            "DoPass2",
            "entry"
        ],
        [
            0.98113799095153809,
            0.57623899999999995,
            0.13028000000000001,
            287684,
            287712,
            1553811781.561136,
            43084212687596,
            "DoPass2",
            "exit"
        ]
    ],
    "Misc": {
        "vcs_version": "N-2017.12-SP2-1_Full64",
        "daidir": "/afs/umich.edu/user/f/a/fayazi/Desktop/470/project4/group10w19/synth/pipeline/dve.daidir",
        "default_output_dir": "csrc",
        "vcs_build_date": "Build Date = Jul 14 2018 20:29:59",
        "csrc": "csrc",
        "master_pid": 13742,
        "archive_dir": "archive.29",
        "VCS_HOME": "/usr/caen/vcs-2017.12-SP2-1",
        "cwd": "/afs/umich.edu/user/f/a/fayazi/Desktop/470/project4/group10w19/synth/pipeline",
        "csrc_abs": "/afs/umich.edu/user/f/a/fayazi/Desktop/470/project4/group10w19/synth/pipeline/csrc",
        "daidir_abs": "/afs/umich.edu/user/f/a/fayazi/Desktop/470/project4/group10w19/synth/pipeline/dve.daidir"
    },
    "PrevCompiledModules": {
        "regfile": {
            "Nxspn_d": {
                "bytes": 15870,
                "out": "Nxspn_d.o",
                "mod": "regfile",
                "mode": 4,
                "archive": "archive.29/_prev_archive_1.a",
                "checksum": 0
            }
        },
        "ROB": {
            "z3nYL_d": {
                "bytes": 41238,
                "out": "z3nYL_d.o",
                "mod": "ROB",
                "mode": 4,
                "archive": "archive.29/_prev_archive_1.a",
                "checksum": 0
            }
        },
        "...MASTER...": {
            "amcQw_d": {
                "bytes": 9852,
                "out": "objs/amcQw_d.o",
                "mod": "...MASTER...",
                "mode": 4,
                "checksum": 0
            }
        },
        "Free_List": {
            "DTPgt_d": {
                "bytes": 22238,
                "out": "DTPgt_d.o",
                "mod": "Free_List",
                "mode": 4,
                "archive": "archive.29/_prev_archive_1.a",
                "checksum": 0
            }
        },
        "_vcs_unit__487125699": {
            "AKFEj_d": {
                "bytes": 37766,
                "out": "AKFEj_d.o",
                "mod": "_vcs_unit__487125699",
                "mode": 4,
                "archive": "archive.29/_13742_archive_1.a",
                "checksum": 0
            }
        },
        "mem_stage": {
            "zFRI0_d": {
                "bytes": 16876,
                "out": "zFRI0_d.o",
                "mod": "mem_stage",
                "mode": 4,
                "archive": "archive.29/_prev_archive_1.a",
                "checksum": 0
            }
        },
        "std": {
            "reYIK_d": {
                "bytes": 39890,
                "out": "reYIK_d.o",
                "mod": "std",
                "mode": 4,
                "archive": "archive.29/_prev_archive_1.a",
                "checksum": 0
            }
        },
        "psel_single_0000": {
            "fZf2W_d": {
                "bytes": 41380,
                "out": "fZf2W_d.o",
                "mod": "psel_single_0000",
                "mode": 4,
                "archive": "archive.29/_prev_archive_1.a",
                "checksum": 0
            }
        },
        "psel_generic_0001": {
            "AB3cL_d": {
                "bytes": 17772,
                "out": "AB3cL_d.o",
                "mod": "psel_generic_0001",
                "mode": 4,
                "archive": "archive.29/_prev_archive_1.a",
                "checksum": 0
            }
        },
        "pipeline": {
            "yGssz_d": {
                "bytes": 369252,
                "out": "yGssz_d.o",
                "mod": "pipeline",
                "mode": 4,
                "archive": "archive.29/_13742_archive_1.a",
                "checksum": 0
            }
        },
        "mem": {
            "FSbWZ_d": {
                "bytes": 22976,
                "out": "FSbWZ_d.o",
                "mod": "mem",
                "mode": 4,
                "archive": "archive.29/_prev_archive_1.a",
                "checksum": 0
            }
        },
        "testbench": {
            "iAVhC_d": {
                "bytes": 123140,
                "out": "iAVhC_d.o",
                "mod": "testbench",
                "mode": 4,
                "archive": "archive.29/_prev_archive_1.a",
                "checksum": 0
            }
        },
        "wb_stage": {
            "k5Lv0_d": {
                "bytes": 9764,
                "out": "k5Lv0_d.o",
                "mod": "wb_stage",
                "mode": 4,
                "archive": "archive.29/_prev_archive_1.a",
                "checksum": 0
            }
        },
        "RAS": {
            "uxcB4_d": {
                "bytes": 22280,
                "out": "uxcB4_d.o",
                "mod": "RAS",
                "mode": 4,
                "archive": "archive.29/_prev_archive_1.a",
                "checksum": 0
            }
        },
        "Arch_Map_Table": {
            "vi4tn_d": {
                "bytes": 14216,