{
    "cycles_program_begin": 58672954626932,
    "LVLData": [
        "SIM"
    ],
    "perf": [
        [
            0.16456389427185059,
            0.035423000000000003,
            0.030502999999999999,
            266904,
            267520,
            1553638567.524982,
            58673499085182,
            "doParsingAndDesignResolution",
            "entry"
        ],
        [
            0.25068902969360352,
            0.10353800000000001,
            0.045234999999999997,
            270692,
            271340,
            1553638567.6111071,
            58673808839240,
            "doParsingAndDesignResolution",
            "exit"
        ],
        [
            0.25077486038208008,
            0.103598,
            0.045261000000000003,
            270692,
            271340,
            1553638567.6111929,
            58673809077372,
            "doPostDesignResolutionToVir2Vcs",
            "entry"
        ],
        [
            0.31654500961303711,
            0.146477,
            0.057874000000000002,
            275332,
            275336,
            1553638567.6769631,
            58674045878850,
            "doUptoVir2VcsNoSepCleanup",
            "entry"
        ],
        [
            0.43008303642272949,
            0.24001700000000001,
            0.060507999999999999,
            271740,
            284880,
            1553638567.7905011,
            58674454656458,
            "doUptoVir2VcsNoSepCleanup",
            "exit"
        ],
        [
            0.43016386032104492,
            0.24001700000000001,
            0.060589999999999998,
            271740,
            284880,
            1553638567.7905819,
            58674454882176,
            "doRadify_vir2vcsAll",
            "entry"
        ],
        [
            0.44370889663696289,
            0.24718599999999999,
            0.064571000000000003,
            274240,
            284880,
            1553638567.804127,
            58674503690506,
            "doRadify_vir2vcsAll",
            "exit"
        ],
        [
            0.44376301765441895,
            0.24723000000000001,
            0.064582000000000001,
            274240,
            284880,
            1553638567.8041811,
            58674503829674,
            "doPostDesignResolutionToVir2Vcs",
            "exit"
        ],
        [
            0.44380092620849609,
            0.24726000000000001,
            0.064589999999999995,
            274240,
            284880,
            1553638567.804219,
            58674503960124,
            "doGAToPass2",
            "entry"
        ],
        [
            0.47969889640808105,
            0.24918999999999999,
            0.067867999999999998,
            272424,
            284880,
            1553638567.840117,
            58674633252596,
            "DoPass2",
            "entry"
        ],
        [
            0.60040903091430664,
            0.33457199999999998,
            0.078840999999999994,
            283700,
            284880,
            1553638567.9608271,
            58675067805864,
            "DoPass2",
            "exit"
        ]
    ],
    "PrevCompiledModules": {
        "_vcs_unit__3978149292": {
            "AFa3z_d": {
                "mode": 4,
                "mod": "_vcs_unit__3978149292",
                "bytes": 33702,
                "checksum": 0,
                "archive": "archive.8/_prev_archive_1.a",
                "out": "AFa3z_d.o"
            }
        },
        "testbench": {
            "iAVhC_d": {
                "mode": 4,
                "mod": "testbench",
                "bytes": 37746,
                "out": "iAVhC_d.o",
                "checksum": 0,
                "archive": "archive.8/_27323_archive_1.a"
            }
        },
        "mem_stage": {
            "zFRI0_d": {
                "mode": 4,
                "mod": "mem_stage",
                "bytes": 14258,
                "checksum": 0,
                "archive": "archive.8/_prev_archive_1.a",
                "out": "zFRI0_d.o"
            }
        },
        "pipeline": {
            "yGssz_d": {
                "mode": 4,
                "mod": "pipeline",
                "bytes": 331440,
                "checksum": 0,
                "archive": "archive.8/_prev_archive_1.a",
                "out": "yGssz_d.o"
            }
        },
        "psel_single_0000": {
            "fZf2W_d": {
                "mode": 4,
                "mod": "psel_single_0000",
                "bytes": 27224,
                "checksum": 0,
                "archive": "archive.8/_prev_archive_1.a",
                "out": "fZf2W_d.o"
            }
        },
        "regfile": {
            "Nxspn_d": {
                "mode": 4,
                "mod": "regfile",
                "bytes": 13728,
                "checksum": 0,
                "archive": "archive.8/_prev_archive_1.a",
                "out": "Nxspn_d.o"
            }
        },
        "mem": {
            "FSbWZ_d": {
                "mode": 4,
                "mod": "mem",
                "bytes": 17890,
                "checksum": 0,
                "archive": "archive.8/_prev_archive_1.a",
                "out": "FSbWZ_d.o"
            }
        },
        "std": {
            "reYIK_d": {
                "mode": 4,
                "mod": "std",
                "bytes": 32908,
                "checksum": 0,
                "archive": "archive.8/_prev_archive_1.a",
                "out": "reYIK_d.o"
            }
        },
        "mult_stage": {
            "aUVMg_d": {
                "mode": 4,
                "mod": "mult_stage",
                "bytes": 13288,
                "checksum": 0,
                "archive": "archive.8/_prev_archive_1.a",
                "out": "aUVMg_d.o"
            }
        },
        "RAS": {
            "uxcB4_d": {
                "mode": 4,
                "mod": "RAS",
                "bytes": 16270,
                "checksum": 0,
                "archive": "archive.8/_prev_archive_1.a",
                "out": "uxcB4_d.o"
            }
        },
        "...MASTER...": {
            "amcQw_d": {
                "mode": 4,
                "mod": "...MASTER...",
                "bytes": 9632,
                "checksum": 0,
                "out": "objs/amcQw_d.o"
            }
        },
        "encoder_0000": {
            "TAk7p_d": {
                "mode": 4,
                "mod": "encoder_0000",
                "bytes": 16762,
                "checksum": 0,
                "archive": "archive.8/_prev_archive_1.a",
                "out": "TAk7p_d.o"
            }
        },
        "wb_stage": {
            "k5Lv0_d": {
                "mode": 4,
                "mod": "wb_stage",
                "bytes": 9306,
                "checksum": 0,
                "archive": "archive.8/_prev_archive_1.a",
                "out": "k5Lv0_d.o"
            }
        },
        "alu": {
            "C26kq_d": {
                "mode": 4,
                "mod": "alu",
                "bytes": 15322,
                "checksum": 0,
                "archive": "archive.8/_prev_archive_1.a",
                "out": "C26kq_d.o"
            }
        }
    },
    "MlibObjs": {},
    "stat": {
        "nQuads": 13218,
        "mopSpeed": 538204.62599205272,
        "cpu_cycles_total": 2158454248,
        "ru_self_cgstart": {
            "ru_utime_sec": 0.249248,
            "ru_majflt": 0,
            "ru_stime_sec": 0.067884,
            "ru_maxrss_kb": 81804,
            "ru_minflt": 26406,
            "ru_nvcsw": 203,
            "ru_nivcsw": 1117
        },
        "ru_childs_cgstart": {
            "ru_utime_sec": 0.010146000000000001,
            "ru_majflt": 0,
            "ru_stime_sec": 0.010090999999999999,
            "ru_maxrss_kb": 27520,
            "ru_minflt": 6347,
            "ru_nvcsw": 17,
            "ru_nivcsw": 6
        },
        "outputSizePerQuad": 9.311847480708126,