{
    "LVLData": [
        "SIM"
    ],
    "cycles_program_begin": 34401814440613,
    "stat": {
        "ru_self_cgstart": {
            "ru_maxrss_kb": 86292,
            "ru_utime_sec": 0.31333100000000003,
            "ru_stime_sec": 0.084163000000000002,
            "ru_minflt": 26572,
            "ru_majflt": 0,
            "ru_nivcsw": 853,
            "ru_nvcsw": 559
        },
        "ru_childs_cgstart": {
            "ru_maxrss_kb": 33076,
            "ru_utime_sec": 0.0096310000000000007,
            "ru_stime_sec": 0.0094210000000000006,
            "ru_minflt": 6345,
            "ru_majflt": 0,
            "ru_nivcsw": 6,
            "ru_nvcsw": 17
        },
        "ru_childs_end": {
            "ru_maxrss_kb": 33452,
            "ru_utime_sec": 0.010895999999999999,
            "ru_stime_sec": 0.010685999999999999,
            "ru_minflt": 6950,
            "ru_majflt": 0,
            "ru_nivcsw": 8,
            "ru_nvcsw": 19
        },
        "nQuads": 24232,
        "cpu_cycles_total": 2736296408,
        "cpu_cycles_cgstart": 34403729743549,
        "nMops": 78427,
        "outputSizePerQuad": 22.603499504787059,
        "totalObjSize": 547728,
        "ru_self_end": {
            "ru_maxrss_kb": 98184,
            "ru_utime_sec": 0.49829000000000001,
            "ru_stime_sec": 0.10591200000000001,
            "ru_minflt": 31941,
            "ru_majflt": 0,
            "ru_nivcsw": 861,
            "ru_nvcsw": 648
        },
        "cpu_cycles_end": 34404550737021,
        "mopSpeed": 421143.35424005496,
        "Frontend(%)": 63.427117006359175,
        "quadSpeed": 130122.86278889939,
        "CodeGen(%)": 36.572882993640825,
        "mop/quad": 3.2365054473423571,
        "peak_mem_kb": 287828,
        "realTime": 0.87045407295227051
    },
    "PrevCompiledModules": {
        "std": {
            "reYIK_d": {
                "bytes": 39890,
                "archive": "archive.34/_prev_archive_1.a",
                "mod": "std",
                "out": "reYIK_d.o",
                "mode": 4,
                "checksum": 0
            }
        },
        "ROB": {
            "z3nYL_d": {
                "bytes": 41238,
                "archive": "archive.34/_prev_archive_1.a",
                "mod": "ROB",
                "mode": 4,
                "out": "z3nYL_d.o",
                "checksum": 0
            }
        },
        "Free_List": {
            "DTPgt_d": {
                "bytes": 22238,
                "archive": "archive.34/_prev_archive_1.a",
                "mod": "Free_List",
                "mode": 4,
                "out": "DTPgt_d.o",
                "checksum": 0
            }
        },
        "RAS": {
            "uxcB4_d": {
                "bytes": 22280,
                "archive": "archive.34/_prev_archive_1.a",
                "mod": "RAS",
                "mode": 4,
                "out": "uxcB4_d.o",
                "checksum": 0
            }
        },
        "regfile": {
            "Nxspn_d": {
                "bytes": 15870,
                "archive": "archive.34/_prev_archive_1.a",
                "mod": "regfile",
                "mode": 4,
                "out": "Nxspn_d.o",
                "checksum": 0
            }
        },
        "psel_single_0000": {
            "fZf2W_d": {
                "bytes": 41380,
                "archive": "archive.34/_prev_archive_1.a",
                "mod": "psel_single_0000",
                "mode": 4,
                "out": "fZf2W_d.o",
                "checksum": 0
            }
        },
        "wb_stage": {
            "k5Lv0_d": {
                "bytes": 9764,
                "archive": "archive.34/_prev_archive_1.a",
                "mod": "wb_stage",
                "mode": 4,
                "out": "k5Lv0_d.o",
                "checksum": 0
            }
        },
        "Arch_Map_Table": {
            "vi4tn_d": {
                "bytes": 14216,
                "archive": "archive.34/_prev_archive_1.a",
                "mod": "Arch_Map_Table",
                "mode": 4,
                "out": "vi4tn_d.o",
                "checksum": 0
            }
        },
        "_vcs_unit__487125699": {
            "AKFEj_d": {
                "bytes": 37766,
                "archive": "archive.34/_13760_archive_1.a",
                "mod": "_vcs_unit__487125699",
                "mode": 4,
                "out": "AKFEj_d.o",
                "checksum": 0
            }
        },
        "mem_stage": {
            "zFRI0_d": {
                "bytes": 16876,
                "archive": "archive.34/_prev_archive_1.a",
                "mod": "mem_stage",
                "mode": 4,
                "out": "zFRI0_d.o",
                "checksum": 0
            }
        },
        "phys_regfile": {
            "ciRKa_d": {
                "bytes": 23368,
                "archive": "archive.34/_prev_archive_1.a",
                "mod": "phys_regfile",
                "mode": 4,
                "out": "ciRKa_d.o",
                "checksum": 0
            }
        },
        "mem": {
            "FSbWZ_d": {
                "bytes": 22976,
                "archive": "archive.34/_prev_archive_1.a",
                "mod": "mem",
                "mode": 4,
                "out": "FSbWZ_d.o",
                "checksum": 0
            }
        },
        "...MASTER...": {
            "amcQw_d": {
                "bytes": 9852,
                "mod": "...MASTER...",
                "out": "objs/amcQw_d.o",
                "mode": 4,
                "checksum": 0
            }
        },
        "psel_generic_0001": {
            "AB3cL_d": {
                "bytes": 17772,
                "archive": "archive.34/_prev_archive_1.a",
                "mod": "psel_generic_0001",
                "mode": 4,
                "out": "AB3cL_d.o",
                "checksum": 0
            }
        },
        "testbench": {
            "iAVhC_d": {
                "bytes": 123140,
                "archive": "archive.34/_prev_archive_1.a",
                "mod": "testbench",
                "mode": 4,
                "out": "iAVhC_d.o",
                "checksum": 0
            }
        },
        "encoder_0000": {
            "TAk7p_d": {
                "bytes": 35674,
                "archive": "archive.34/_prev_archive_1.a",
                "mod": "encoder_0000",
                "mode": 4,
                "out": "TAk7p_d.o",
                "checksum": 0
            }
        },
        "pipeline_0000": {
            "a17ZG_d": {
                "bytes": 369402,
                "archive": "archive.34/_13760_archive_1.a",
                "mod": "pipeline_0000",
                "mode": 4,
                "out": "a17ZG_d.o",
                "checksum": 0
            }
        },
        "GSHARE": {
            "mit1J_d": {
                "bytes": 17012,
                "archive": "archive.34/_prev_archive_1.a",
                "mod": "GSHARE",
                "mode": 4,
                "out": "mit1J_d.o",
                "checksum": 0
            }
        },
        "alu": {
            "C26kq_d": {
                "bytes": 19530,
                "archive": "archive.34/_prev_archive_1.a",
                "mod": "alu",
                "mode": 4,
                "out": "C26kq_d.o",
                "checksum": 0
            }
        },
        "RS_0000": {
            "vG3v3_d": {
                "bytes": 220540,
                "archive": "archive.34/_prev_archive_1.a",
                "mod": "RS_0000",
                "mode": 4,
                "out": "vG3v3_d.o",
                "checksum": 0
            }
        }
    },