{
    "Modules": {
        "RAS": {
            "nMops": 836,
            "end_perf": [
                0.7003028392791748,
                0.41844500000000001,
                0.098812999999999998,
                284732,
                285132,
                69465241312456,
                115964116993,
                0
            ],
            "Compiled": "Yes",
            "start_perf": [
                0.69805788993835449,
                0.41705999999999999,
                0.097952999999999998,
                284732,
                285132,
                1553726433.980304,
                69465233213340
            ],
            "child_modules": {},
            "Compiled Times": 48,
            "nQuads": 265,
            "nRouts": 27
        },
        "...MASTER...": {
            "nMops": 11,
            "end_perf": [
                0.53393292427062988,
                0.27147700000000002,
                0.087801000000000004,
                273884,
                285132,
                69464642440532,
                0,
                0
            ],
            "start_perf": [
                0.52252388000488281,
                0.27045200000000003,
                0.084767999999999996,
                272588,
                285132,
                1553726433.80477,
                69464601309634
            ],
            "child_modules": {
                "_vcs_unit__487125699": 1,
                "GSHARE": 1,
                "testbench": 1,
                "mem_stage": 1,
                "regfile": 1,
                "std": 1,
                "RAS": 1,
                "wb_stage": 1
            },
            "nQuads": 20,
            "nRouts": 17
        },
        "_vcs_unit__487125699": {
            "nMops": 78,
            "end_perf": [
                0.53676795959472656,
                0.27262799999999998,
                0.088856000000000004,
                273888,
                285132,
                69464652658102,
                4294967297,
                0
            ],
            "Compiled": "Yes",
            "start_perf": [
                0.53403091430664062,
                0.27155099999999999,
                0.087825,
                273884,
                285132,
                1553726433.816277,
                69464642761062
            ],
            "child_modules": {},
            "Compiled Times": 48,
            "nQuads": 20,
            "nRouts": 8
        },
        "encoder_0000": {
            "nMops": 1247,
            "end_perf": [
                0.6883699893951416,
                0.41054299999999999,
                0.094818,
                284732,
                285132,
                69465198359166,
                21474836481,
                0
            ],
            "Compiled": "Yes",
            "start_perf": [
                0.6860039234161377,
                0.40906199999999998,
                0.093932000000000002,
                284732,
                285132,
                1553726433.96825,
                69465189818664
            ],
            "child_modules": {},
            "Compiled Times": 48,
            "nQuads": 305,
            "nRouts": 28
        },
        "std": {
            "nMops": 462,
            "start_perf": [
                0.53683781623840332,
                0.27268100000000001,
                0.088872999999999994,
                273888,
                285132,
                1553726433.8190839,
                69464652879258
            ],
            "Compiled": "Yes",
            "end_perf": [
                0.53926491737365723,
                0.27424599999999999,
                0.089734999999999995,
                273888,
                285132,
                69464661642828,
                8589934594,
                0
            ],
            "child_modules": {},
            "Compiled Times": 48,
            "svclass": [
                "$vcs_nba_dyn_obj",
                0,
                37,
                2,
                2,
                0,
                "sigprop$$",
                0,
                37,
                2,
                2,
                0,
                "process",
                0,
                184,
                8,
                8,
                0,
                "event",
                0,
                36,
                2,
                2,
                0,
                "mailbox",
                0,
                99,
                9,
                9,
                0,
                "semaphore",
                0,
                69,
                5,
                5,
                0
            ],
            "nQuads": 213,
            "nRouts": 33
        },
        "pipeline": {
            "nMops": 35200,
            "start_perf": [
                0.53933882713317871,
                0.27430199999999999,
                0.089752999999999999,
                273888,
                285132,
                1553726433.8215849,
                69464661882012
            ],
            "Compiled": "Yes",
            "end_perf": [
                0.68593788146972656,
                0.40900900000000001,
                0.093920000000000003,
                284732,
                285132,
                69465189638560,
                12884901889,
                0
            ],
            "child_modules": {
                "psel_single_0000": 6,
                "mult_stage": 4,
                "encoder_0000": 6,
                "alu": 4
            },
            "Compiled Times": 48,
            "nRouts": 749,
            "significant_routs": [
                [
                    8,
                    "R_VCSgd_yGssz_8",
                    9286684,
                    7423,
                    1383
                ],
                [
                    86,
                    "T_VCSgd_yGssz_9_0",
                    14164222,
                    8176,
                    1244
                ],
                [
                    115,
                    "R_VCSgd_yGssz_73",
                    12635334,
                    6127,
                    1161
                ],
                [
                    119,
                    "R_VCSgd_yGssz_77",
                    14969002,
                    7376,
                    1505
                ],
                [
                    166,
                    "R_VCSgd_yGssz_a6",
                    31053122,
                    23285,
                    4798
                ]
            ],
            "nQuads": 10347
        },
        "regfile": {
            "nMops": 667,
            "end_perf": [
                0.69342780113220215,
                0.41458699999999998,
                0.095828999999999998,
                284732,
                285132,
                69465216559100,
                38654705665,
                0
            ],
            "Compiled": "Yes",
            "start_perf": [
                0.69162583351135254,
                0.41375600000000001,
                0.094861000000000001,
                284732,
                285132,
                1553726433.9738719,
                69465210055684
            ],
            "child_modules": {},
            "Compiled Times": 48,
            "nQuads": 187,
            "nRouts": 24
        },
        "psel_single_0000": {
            "nMops": 3157,
            "end_perf": [
                0.69157886505126953,
                0.41371799999999997,
                0.094852000000000006,
                284732,
                285132,
                69465209906658,
                30064771073,
                0
            ],
            "Compiled": "Yes",