{
    "Modules": {
        "Free_List": {
            "Compiled": "Yes",
            "start_perf": [
                0.87335896492004395,
                0.49924000000000002,
                0.11781999999999999,
                287688,
                287712,
                1553811781.453357,
                43083868631811
            ],
            "nMops": 1179,
            "Compiled Times": 5,
            "child_modules": {},
            "end_perf": [
                0.87602591514587402,
                0.50177899999999998,
                0.117948,
                287688,
                287712,
                43083877162773,
                68719476737,
                0
            ],
            "nQuads": 480,
            "nRouts": 40
        },
        "...MASTER...": {
            "start_perf": [
                0.66020894050598145,
                0.33858199999999999,
                0.092884999999999995,
                285708,
                287544,
                1553811781.240207,
                43083188743059
            ],
            "nMops": 11,
            "child_modules": {
                "mem_stage": 1,
                "_vcs_unit__487125699": 1,
                "regfile": 1,
                "std": 1,
                "wb_stage": 1,
                "RAS": 1,
                "testbench": 1,
                "GSHARE": 1
            },
            "end_perf": [
                0.67767596244812012,
                0.34012700000000001,
                0.097035999999999997,
                285720,
                287544,
                43083244025422,
                0,
                0
            ],
            "nQuads": 20,
            "nRouts": 17
        },
        "_vcs_unit__487125699": {
            "Compiled": "Yes",
            "start_perf": [
                0.67775607109069824,
                0.34018599999999999,
                0.097053,
                285720,
                287544,
                1553811781.2577541,
                43083244268713
            ],
            "nMops": 387,
            "Compiled Times": 29,
            "child_modules": {},
            "end_perf": [
                0.71637392044067383,
                0.35215400000000002,
                0.109736,
                287688,
                287688,
                43083368065029,
                4294967297,
                0
            ],
            "nQuads": 156,
            "nRouts": 15
        },
        "mem_stage": {
            "Compiled": "Yes",
            "start_perf": [
                0.86954092979431152,
                0.49838399999999999,
                0.114858,
                287688,
                287712,
                1553811781.4495389,
                43083856443975
            ],
            "nMops": 988,
            "Compiled Times": 29,
            "child_modules": {},
            "end_perf": [
                0.87148404121398926,
                0.49838399999999999,
                0.1168,
                287688,
                287712,
                43083862663236,
                47244640257,
                0
            ],
            "nQuads": 248,
            "nRouts": 33
        },
        "psel_single_0000": {
            "Compiled": "Yes",
            "start_perf": [
                0.86564898490905762,
                0.49547200000000002,
                0.11387799999999999,
                287688,
                287712,
                1553811781.445647,
                43083844021499
            ],
            "nMops": 4348,
            "Compiled Times": 29,
            "child_modules": {},
            "end_perf": [
                0.86949491500854492,
                0.49834699999999998,
                0.11484900000000001,
                287688,
                287712,
                43083856317828,
                30064771073,
                0
            ],
            "nQuads": 819,
            "nRouts": 54
        },
        "psel_generic_0001": {
            "Compiled": "Yes",
            "start_perf": [
                0.8636319637298584,
                0.49440800000000001,
                0.112925,
                287688,
                287712,
                1553811781.44363,
                43083837581792
            ],
            "nMops": 1220,
            "Compiled Times": 5,
            "child_modules": {},
            "end_perf": [
                0.86560392379760742,
                0.49543500000000001,
                0.11387,
                287688,
                287712,
                43083843896181,
                25769803777,
                0
            ],
            "nQuads": 262,
            "nRouts": 28
        },
        "std": {
            "Compiled": "Yes",
            "start_perf": [
                0.71661210060119629,
                0.35233599999999998,
                0.109793,
                287688,
                287688,
                1553811781.2966101,
                43083368714452
            ],
            "Compiled Times": 29,
            "nMops": 528,
            "child_modules": {},
            "end_perf": [
                0.72512006759643555,
                0.35872399999999999,
                0.111914,
                287688,
                287692,
                43083395772685,
                8589934594,
                0
            ],
            "svclass": [
                "$vcs_nba_dyn_obj",
                0,
                35,
                2,
                2,
                0,
                "sigprop$$",
                0,
                35,
                2,
                2,
                0,
                "process",
                0,
                200,
                8,
                8,
                0,
                "event",
                0,
                34,
                2,
                2,
                0,
                "mailbox",
                0,
                140,
                9,
                9,
                0,
                "semaphore",
                0,
                84,
                5,
                5,
                0
            ],
            "nQuads": 218,
            "nRouts": 33
        },
        "pipeline": {
            "Compiled": "Yes",
            "start_perf": [
                0.72530007362365723,
                0.35890499999999997,
                0.111914,
                287688,
                287692,
                1553811781.3052981,
                43083396288810
            ],
            "Compiled Times": 29,
            "nMops": 30066,
            "child_modules": {
                "ROB": 1,
                "Free_List": 1,
                "psel_generic_0001": 1,
                "RS_0000": 1,
                "Arch_Map_Table": 1,
                "alu": 4
            },
            "significant_routs": [
                [
                    220,
                    "T_VCSgd_yGssz_7_0",
                    12028268,
                    8313,
                    1249
                ]
            ],
            "end_perf": [
                0.85983991622924805,
                0.49063000000000001,
                0.112915,
                287688,
                287712,
                43083825520647,
                12884901889,
                0
            ],
            "nQuads": 10645,
            "nRouts": 984
        },
        "encoder_0000": {
            "Compiled": "Yes",
            "start_perf": [
                0.85989689826965332,
                0.49067699999999997,
                0.112925,
                287688,
                287712,
                1553811781.4398949,
                43083825668992
            ],
            "nMops": 2801,
            "Compiled Times": 29,
            "child_modules": {},