{
    "stat": {
        "ru_childs_end": {
            "ru_nivcsw": 8,
            "ru_nvcsw": 19,
            "ru_utime_sec": 0.0086390000000000008,
            "ru_stime_sec": 0.017936000000000001,
            "ru_maxrss_kb": 33404,
            "ru_minflt": 6953,
            "ru_majflt": 0
        },
        "ru_self_end": {
            "ru_nivcsw": 880,
            "ru_nvcsw": 666,
            "ru_utime_sec": 0.58379999999999999,
            "ru_stime_sec": 0.11211400000000001,
            "ru_maxrss_kb": 98740,
            "ru_minflt": 32179,
            "ru_majflt": 0
        },
        "cpu_cycles_end": 5153575531654,
        "peak_mem_kb": 287832
    },
    "Modules": {
        "...MASTER...": {
            "start_perf": [
                0.66230392456054688,
                0.36336299999999999,
                0.085217000000000001,
                285828,
                287664,
                1553878131.169699,
                5152553175540
            ],
            "child_modules": {
                "GSHARE": 1,
                "std": 1,
                "mem_stage": 1,
                "_vcs_unit__487125699": 1,
                "regfile": 1,
                "RAS": 1,
                "testbench": 1,
                "wb_stage": 1
            },
            "end_perf": [
                0.674530029296875,
                0.365541,
                0.087850999999999999,
                285840,
                287664,
                5152596038998,
                0,
                0
            ],
            "nQuads": 20,
            "nMops": 11,
            "nRouts": 17
        },
        "mem_stage": {
            "start_perf": [
                0.85863804817199707,
                0.52471500000000004,
                0.097878999999999994,
                287808,
                287812,
                1553878131.3660331,
                5153241111158
            ],
            "child_modules": {},
            "nRouts": 33,
            "Compiled": "Yes",
            "Compiled Times": 37,
            "end_perf": [
                0.86105895042419434,
                0.52707199999999998,
                0.097942000000000001,
                287808,
                287812,
                5153249631388,
                47244640257,
                0
            ],
            "nQuads": 248,
            "nMops": 988
        },
        "Arch_Map_Table": {
            "start_perf": [
                0.87779092788696289,
                0.53983400000000004,
                0.101912,
                287808,
                287812,
                1553878131.385186,
                5153308223060
            ],
            "child_modules": {},
            "nRouts": 27,
            "Compiled": "Yes",
            "Compiled Times": 6,
            "end_perf": [
                0.88004708290100098,
                0.54205199999999998,
                0.10195,
                287808,
                287812,
                5153316217778,
                111669149697,
                0
            ],
            "nQuads": 207,
            "nMops": 478
        },
        "psel_generic_0001": {
            "start_perf": [
                0.84808206558227539,
                0.51609099999999997,
                0.095946000000000004,
                287808,
                287812,
                1553878131.3554771,
                5153204124014
            ],
            "child_modules": {},
            "nRouts": 28,
            "Compiled": "Yes",
            "Compiled Times": 6,
            "end_perf": [
                0.8506309986114502,
                0.517706,
                0.096879999999999994,
                287808,
                287812,
                5153213094816,
                25769803777,
                0
            ],
            "nQuads": 262,
            "nMops": 1220
        },
        "_vcs_unit__487125699": {
            "start_perf": [
                0.67462801933288574,
                0.36562,
                0.087870000000000004,
                285840,
                287664,
                1553878131.182023,
                5152596349328
            ],
            "child_modules": {},
            "nRouts": 15,
            "Compiled": "Yes",
            "Compiled Times": 37,
            "end_perf": [
                0.68553996086120605,
                0.36757000000000001,
                0.089625999999999997,
                285856,
                287664,
                5152634655334,
                4294967297,
                0
            ],
            "nQuads": 78,
            "nMops": 194
        },
        "std": {
            "start_perf": [
                0.68561601638793945,
                0.36763099999999999,
                0.089640999999999998,
                285856,
                287664,
                1553878131.193011,
                5152634871224
            ],
            "child_modules": {},
            "svclass": [
                "$vcs_nba_dyn_obj",
                0,
                35,
                2,
                2,
                0,
                "sigprop$$",
                0,
                35,
                2,
                2,
                0,
                "process",
                0,
                200,
                8,
                8,
                0,
                "event",
                0,
                34,
                2,
                2,
                0,
                "mailbox",
                0,
                140,
                9,
                9,
                0,
                "semaphore",
                0,
                84,
                5,
                5,
                0
            ],
            "nRouts": 33,
            "Compiled": "Yes",
            "Compiled Times": 37,
            "end_perf": [
                0.6878509521484375,
                0.36982300000000001,
                0.089684,
                285856,
                287664,
                5152642702036,
                8589934594,
                0
            ],
            "nQuads": 218,
            "nMops": 528
        },
        "psel_single_0000": {
            "start_perf": [
                0.85068893432617188,
                0.51775499999999997,
                0.096889000000000003,
                287808,
                287812,
                1553878131.358084,
                5153213260510
            ],
            "child_modules": {},
            "nRouts": 54,
            "Compiled": "Yes",
            "Compiled Times": 37,
            "end_perf": [
                0.85545897483825684,
                0.52252500000000002,
                0.096889000000000003,
                287808,
                287812,
                5153230002052,
                30064771073,
                0
            ],
            "nQuads": 819,
            "nMops": 4348
        },
        "regfile": {
            "start_perf": [
                0.88012194633483887,
                0.54211500000000001,
                0.101962,
                287808,
                287812,
                1553878131.387517,
                5153316441700
            ],
            "child_modules": {},
            "nRouts": 28,
            "Compiled": "Yes",
            "Compiled Times": 37,
            "end_perf": [
                0.88257098197937012,
                0.54364800000000002,
                0.102879,
                287808,
                287812,
                5153325000096,
                124554051585,
                0
            ],
            "nQuads": 223,
            "nMops": 637
        },
        "pipeline_0000": {
            "start_perf": [
                0.68791103363037109,
                0.36987100000000001,
                0.089695999999999998,
                285856,
                287664,
                1553878131.1953061,
                5152642886278
            ],
            "child_modules": {
                "RS_0000": 1,