{
    "Modules": {
        "...MASTER...": {
            "child_modules": {
                "RAS": 1,
                "_vcs_unit__487125699": 1,
                "testbench": 1,
                "regfile": 1,
                "mem_stage": 1,
                "std": 1,
                "GSHARE": 1,
                "wb_stage": 1
            },
            "start_perf": [
                0.51974391937255859,
                0.25329699999999999,
                0.067083000000000004,
                272440,
                284884,
                1553709004.1365759,
                6717754150882
            ],
            "end_perf": [
                0.54227805137634277,
                0.25497500000000001,
                0.074872999999999995,
                273736,
                284884,
                6717835517432,
                0,
                0
            ],
            "nQuads": 20,
            "nMops": 11,
            "nRouts": 17
        },
        "_vcs_unit__487125699": {
            "Compiled": "Yes",
            "child_modules": {},
            "start_perf": [
                0.54257607460021973,
                0.25497500000000001,
                0.075155,
                273736,
                284884,
                1553709004.1594081,
                6717836534724
            ],
            "nMops": 155,
            "Compiled Times": 5,
            "end_perf": [
                0.56303906440734863,
                0.25918000000000002,
                0.082695000000000005,
                277740,
                284884,
                6717910289712,
                4294967297,
                0
            ],
            "nQuads": 40,
            "nRouts": 8
        },
        "mult_stage": {
            "Compiled": "Yes",
            "child_modules": {},
            "start_perf": [
                0.65648794174194336,
                0.34389399999999998,
                0.087481000000000003,
                279884,
                284884,
                1553709004.27332,
                6718246268718
            ],
            "nMops": 639,
            "Compiled Times": 5,
            "end_perf": [
                0.65801501274108887,
                0.34542,
                0.087481000000000003,
                279884,
                284884,
                6718251787248,
                73014444033,
                0
            ],
            "nQuads": 158,
            "nRouts": 25
        },
        "RAS": {
            "Compiled": "Yes",
            "child_modules": {},
            "start_perf": [
                0.65919208526611328,
                0.34659699999999999,
                0.087481000000000003,
                279884,
                284884,
                1553709004.2760241,
                6718256001600
            ],
            "nMops": 836,
            "Compiled Times": 5,
            "end_perf": [
                0.66131901741027832,
                0.34872300000000001,
                0.087481000000000003,
                279884,
                284884,
                6718263677598,
                111669149697,
                0
            ],
            "nQuads": 265,
            "nRouts": 27
        },
        "encoder_0000": {
            "Compiled": "Yes",
            "child_modules": {},
            "start_perf": [
                0.64937400817871094,
                0.33782499999999999,
                0.086467000000000002,
                279884,
                284884,
                1553709004.266206,
                6718220682146
            ],
            "nMops": 1247,
            "Compiled Times": 5,
            "end_perf": [
                0.65161895751953125,
                0.34006999999999998,
                0.086467000000000002,
                279884,
                284884,
                6718228758590,
                21474836481,
                0
            ],
            "nQuads": 305,
            "nRouts": 28
        },
        "std": {
            "Compiled": "Yes",
            "start_perf": [
                0.56322503089904785,
                0.25932300000000003,
                0.082740999999999995,
                277740,
                284884,
                1553709004.180057,
                6717910845510
            ],
            "child_modules": {},
            "Compiled Times": 5,
            "svclass": [
                "$vcs_nba_dyn_obj",
                0,
                37,
                2,
                2,
                0,
                "sigprop$$",
                0,
                37,
                2,
                2,
                0,
                "process",
                0,
                184,
                8,
                8,
                0,
                "event",
                0,
                36,
                2,
                2,
                0,
                "mailbox",
                0,
                99,
                9,
                9,
                0,
                "semaphore",
                0,
                69,
                5,
                5,
                0
            ],
            "nMops": 462,
            "end_perf": [
                0.56927800178527832,
                0.26335799999999998,
                0.084758,
                277740,
                284884,
                6717932701770,
                8589934594,
                0
            ],
            "nQuads": 213,
            "nRouts": 33
        },
        "psel_single_0000": {
            "Compiled": "Yes",
            "child_modules": {},
            "start_perf": [
                0.65166687965393066,
                0.34011799999999998,
                0.086467000000000002,
                279884,
                284884,
                1553709004.2684989,
                6718228914220
            ],
            "nMops": 3157,
            "Compiled Times": 5,
            "end_perf": [
                0.65481805801391602,
                0.34235900000000002,
                0.087345999999999993,
                279884,
                284884,
                6718240287360,
                30064771073,
                0
            ],
            "nQuads": 513,
            "nRouts": 37
        },
        "pipeline": {
            "Compiled": "Yes",
            "child_modules": {
                "psel_single_0000": 6,
                "encoder_0000": 6,
                "mult_stage": 4,
                "alu": 4
            },
            "start_perf": [
                0.56946587562561035,
                0.26350000000000001,
                0.084804000000000004,
                277740,
                284884,
                1553709004.1862979,
                6717933348992
            ],
            "nMops": 34550,
            "Compiled Times": 5,
            "end_perf": [
                0.64931392669677734,
                0.33777699999999999,
                0.086454000000000003,
                279884,
                284884,
                6718220492466,
                12884901889,
                0
            ],
            "nQuads": 9993,
            "nRouts": 678
        },
        "testbench": {
            "Compiled": "Yes",
            "child_modules": {
                "mem": 1,
                "pipeline": 1
            },
            "start_perf": [
                0.66900992393493652,
                0.35451500000000002,
                0.089382000000000003,
                279884,
                284884,
                1553709004.2858419,
                6718291347524
            ],
            "nMops": 2381,
            "Compiled Times": 5,
            "end_perf": [
                0.68438601493835449,
                0.36523699999999998,
                0.091309000000000001,
                281868,
                284884,
                6718346747082,
                141733920769,
                0
            ],
            "nQuads": 772,
            "nRouts": 88
        },