{
    "ObjArchives": [
        {
            "archive": "archive.5/_9677_archive_1.a",
            "objects": [
                [
                    "vQ8w7_d.o",
                    35878
                ],
                [
                    "yGssz_d.o",
                    331440
                ],
                [
                    "PZVzY_d.o",
                    61102
                ],
                [
                    "Nxspn_d.o",
                    13728
                ],
                [
                    "FSbWZ_d.o",
                    17890
                ],
                [
                    "iAVhC_d.o",
                    71590
                ],
                [
                    "amcQwB.o",
                    82530
                ]
            ],
            "size": 614158
        }
    ],
    "Modules": {
        "BP": {
            "start_perf": [
                0.67462301254272461,
                0.431033,
                0.068862000000000007,
                285892,
                285916,
                1553635840.2611949,
                48855329289658
            ],
            "child_modules": {},
            "end_perf": [
                0.70256805419921875,
                0.458063,
                0.069771,
                285892,
                285916,
                48855429952984,
                94489280513,
                0
            ],
            "Compiled": "Yes",
            "nMops": 12452,
            "Compiled Times": 6,
            "significant_routs": [
                [
                    13,
                    "R_VCSgd_PZVzY_d",
                    11587302,
                    7213,
                    1190
                ],
                [
                    15,
                    "R_VCSgd_PZVzY_f",
                    11214336,
                    6188,
                    1228
                ],
                [
                    16,
                    "R_VCSgd_PZVzY_10",
                    15237142,
                    8603,
                    1540
                ]
            ],
            "nQuads": 3294,
            "nRouts": 59
        },
        "...MASTER...": {
            "start_perf": [
                0.49538302421569824,
                0.27373199999999998,
                0.061163000000000002,
                272748,
                284920,
                1553635840.081955,
                48854684041796
            ],
            "child_modules": {
                "BP": 1,
                "mem_stage": 1,
                "_vcs_unit__3117875380": 1,
                "RAS": 1,
                "testbench": 1,
                "regfile": 1,
                "wb_stage": 1,
                "std": 1
            },
            "end_perf": [
                0.51009511947631836,
                0.27664,
                0.063606999999999997,
                277180,
                284920,
                48854737035326,
                0,
                0
            ],
            "nQuads": 80,
            "nMops": 22,
            "nRouts": 27
        },
        "pipeline": {
            "start_perf": [
                0.51922798156738281,
                0.281024,
                0.064929000000000001,
                278160,
                284920,
                1553635840.1057999,
                48854769867514
            ],
            "child_modules": {
                "psel_single_0000": 6,
                "mult_stage": 4,
                "encoder_0000": 6,
                "alu": 4
            },
            "end_perf": [
                0.66176414489746094,
                0.41919899999999999,
                0.067840999999999999,
                285892,
                285916,
                48855283087462,
                12884901889,
                0
            ],
            "Compiled": "Yes",
            "nMops": 69340,
            "Compiled Times": 6,
            "significant_routs": [
                [
                    80,
                    "T_VCSgd_yGssz_9_0",
                    13557240,
                    8176,
                    1244
                ],
                [
                    111,
                    "R_VCSgd_yGssz_6f",
                    11739398,
                    6127,
                    1161
                ],
                [
                    115,
                    "R_VCSgd_yGssz_73",
                    13584438,
                    7376,
                    1505
                ],
                [
                    161,
                    "R_VCSgd_yGssz_a1",
                    28784972,
                    23318,
                    4802
                ],
                [
                    163,
                    "R_VCSgd_yGssz_a3",
                    11023074,
                    9341,
                    1490
                ]
            ],
            "nQuads": 19938,
            "nRouts": 674
        },
        "mem_stage": {
            "start_perf": [
                0.66790103912353516,
                0.424315,
                0.068862000000000007,
                285892,
                285916,
                1553635840.254473,
                48855305093528
            ],
            "child_modules": {},
            "end_perf": [
                0.66999602317810059,
                0.42640600000000001,
                0.068862000000000007,
                285892,
                285916,
                48855312654908,
                47244640257,
                0
            ],
            "Compiled": "Yes",
            "nMops": 871,
            "Compiled Times": 6,
            "nQuads": 214,
            "nRouts": 28
        },
        "mem": {
            "start_perf": [
                0.71052718162536621,
                0.46600399999999997,
                0.069783999999999999,
                285892,
                285916,
                1553635840.2970991,
                48855458543742
            ],
            "child_modules": {},
            "end_perf": [
                0.7183690071105957,
                0.47289399999999998,
                0.070732000000000003,
                285892,
                285916,
                48855486822866,
                150323855361,
                0
            ],
            "Compiled": "Yes",
            "nMops": 2553,
            "Compiled Times": 6,
            "nQuads": 706,
            "nRouts": 24
        },
        "psel_single_0000": {
            "start_perf": [
                0.66446709632873535,
                0.42093599999999998,
                0.068806000000000006,
                285892,
                285916,
                1553635840.251039,
                48855292728016
            ],
            "child_modules": {},
            "end_perf": [
                0.66785001754760742,
                0.42427100000000001,
                0.068855,
                285892,
                285916,
                48855304941110,
                30064771073,
                0
            ],
            "Compiled": "Yes",
            "nMops": 3157,
            "Compiled Times": 6,
            "nQuads": 513,
            "nRouts": 37
        },
        "_vcs_unit__3117875380": {
            "start_perf": [
                0.5101921558380127,
                0.27671499999999999,
                0.063624,
                277180,
                284920,
                1553635840.0967641,
                48854737349452
            ],
            "child_modules": {},
            "end_perf": [
                0.51703500747680664,
                0.27988400000000002,
                0.063885999999999998,
                278160,
                284920,
                48854762053798,
                4294967297,
                0
            ],
            "Compiled": "Yes",
            "nMops": 155,
            "Compiled Times": 6,
            "nQuads": 40,
            "nRouts": 8
        },