{
    "Modules": {
        "...MASTER...": {
            "start_perf": [
                0.64452505111694336,
                0.32859100000000002,
                0.089795,
                285700,
                287536,
                1553897337.1072381,
                61350510579884
            ],
            "child_modules": {
                "std": 1,
                "mem_stage": 1,
                "_vcs_unit__487125699": 1,
                "regfile": 1,
                "wb_stage": 1,
                "testbench": 1,
                "RAS": 1,
                "GSHARE": 1
            },
            "end_perf": [
                0.65853691101074219,
                0.32982299999999998,
                0.093812000000000006,
                285712,
                287536,
                61350559714868,
                0,
                0
            ],
            "nQuads": 20,
            "nMops": 11,
            "nRouts": 17
        },
        "phys_regfile": {
            "start_perf": [
                0.82933306694030762,
                0.47995700000000002,
                0.102576,
                287680,
                287704,
                1553897337.2920461,
                61351158133446
            ],
            "Compiled Times": 10,
            "child_modules": {},
            "end_perf": [
                0.83246207237243652,
                0.483072,
                0.10259,
                287680,
                287704,
                61351169131624,
                34359738369,
                0
            ],
            "Compiled": "Yes",
            "nQuads": 398,
            "nMops": 1227,
            "nRouts": 39
        },
        "std": {
            "svclass": [
                "$vcs_nba_dyn_obj",
                0,
                35,
                2,
                2,
                0,
                "sigprop$$",
                0,
                35,
                2,
                2,
                0,
                "process",
                0,
                200,
                8,
                8,
                0,
                "event",
                0,
                34,
                2,
                2,
                0,
                "mailbox",
                0,
                140,
                9,
                9,
                0,
                "semaphore",
                0,
                84,
                5,
                5,
                0
            ],
            "start_perf": [
                0.67703008651733398,
                0.334318,
                0.097220000000000001,
                287680,
                287680,
                1553897337.1397431,
                61350624473842
            ],
            "child_modules": {},
            "Compiled Times": 42,
            "end_perf": [
                0.67964911460876465,
                0.33579999999999999,
                0.098354999999999998,
                287680,
                287684,
                61350633682208,
                8589934594,
                0
            ],
            "Compiled": "Yes",
            "nQuads": 218,
            "nMops": 528,
            "nRouts": 33
        },
        "mem_stage": {
            "start_perf": [
                0.8325190544128418,
                0.48311900000000002,
                0.1026,
                287680,
                287704,
                1553897337.2952321,
                61351169297960
            ],
            "Compiled Times": 42,
            "child_modules": {},
            "end_perf": [
                0.8350069522857666,
                0.48469899999999999,
                0.103508,
                287680,
                287704,
                61351178045092,
                47244640257,
                0
            ],
            "Compiled": "Yes",
            "nQuads": 248,
            "nMops": 988,
            "nRouts": 33
        },
        "psel_single_0000": {
            "start_perf": [
                0.8244171142578125,
                0.47504000000000002,
                0.102576,
                287680,
                287704,
                1553897337.2871301,
                61351140907990
            ],
            "Compiled Times": 42,
            "child_modules": {},
            "end_perf": [
                0.82927393913269043,
                0.47989700000000002,
                0.102576,
                287680,
                287704,
                61351157966208,
                30064771073,
                0
            ],
            "Compiled": "Yes",
            "nQuads": 819,
            "nMops": 4348,
            "nRouts": 54
        },
        "_vcs_unit__487125699": {
            "start_perf": [
                0.65864300727844238,
                0.32990199999999997,
                0.093834000000000001,
                285712,
                287536,
                1553897337.121356,
                61350560051160
            ],
            "Compiled Times": 42,
            "child_modules": {},
            "end_perf": [
                0.67695903778076172,
                0.334262,
                0.097202999999999998,
                287680,
                287680,
                61350624288436,
                4294967297,
                0
            ],
            "Compiled": "Yes",
            "nQuads": 156,
            "nMops": 387,
            "nRouts": 15
        },
        "mem": {
            "start_perf": [
                0.88410091400146484,
                0.52876100000000004,
                0.10854,
                287680,
                287704,
                1553897337.3468139,
                61351350042156
            ],
            "Compiled Times": 42,
            "child_modules": {},
            "end_perf": [
                0.88736891746520996,
                0.53198199999999995,
                0.108588,
                287680,
                287704,
                61351361525998,
                137438953473,
                0
            ],
            "Compiled": "Yes",
            "nQuads": 536,
            "nMops": 1435,
            "nRouts": 56
        },
        "RAS": {
            "start_perf": [
                0.8482060432434082,
                0.49486599999999997,
                0.10654,
                287680,
                287704,
                1553897337.310919,
                61351224311588
            ],
            "Compiled Times": 42,
            "child_modules": {},
            "end_perf": [
                0.85145807266235352,
                0.49807099999999999,
                0.106587,
                287680,
                287704,
                61351235699800,
                107374182401,
                0
            ],
            "Compiled": "Yes",
            "nQuads": 404,
            "nMops": 1216,
            "nRouts": 44
        },
        "encoder_0000": {
            "start_perf": [
                0.81706094741821289,
                0.46876200000000001,
                0.10151499999999999,
                287680,
                287704,
                1553897337.279774,
                61351115136222
            ],
            "Compiled Times": 42,
            "child_modules": {},
            "end_perf": [
                0.82192111015319824,
                0.47264800000000001,
                0.10249,
                287680,
                287704,
                61351132191662,
                21474836481,
                0
            ],
            "Compiled": "Yes",
            "nQuads": 827,
            "nMops": 2801,
            "nRouts": 59
        },
        "pipeline_0000": {
            "start_perf": [
                0.67971205711364746,
                0.33584900000000001,
                0.098369999999999999,
                287680,
                287684,
                1553897337.1424251,
                61350633868622
            ],