{
    "ObjArchives": [
        {
            "archive": "archive.12/_11990_archive_1.a",
            "objects": [
                [
                    "yGssz_d.o",
                    331798
                ],
                [
                    "amcQwB.o",
                    73316
                ]
            ],
            "size": 405114
        }
    ],
    "Modules": {
        "_vcs_unit__2922038043": {
            "nRouts": 8,
            "Compiled Times": 4,
            "start_perf": [
                0.49115085601806641,
                0.24318600000000001,
                0.078736,
                273708,
                284876,
                1553646014.1222949,
                85481311492790
            ],
            "child_modules": {},
            "end_perf": [
                0.49336385726928711,
                0.24468100000000001,
                0.078896999999999995,
                273712,
                284876,
                85481319489792,
                4294967297,
                0
            ],
            "Compiled": "Yes",
            "nQuads": 20,
            "nMops": 78
        },
        "...MASTER...": {
            "nRouts": 10,
            "start_perf": [
                0.4796299934387207,
                0.241841,
                0.076264999999999999,
                272412,
                284876,
                1553646014.110774,
                85481270019260
            ],
            "child_modules": {
                "_vcs_unit__2922038043": 1,
                "wb_stage": 1,
                "regfile": 1,
                "mem_stage": 1,
                "std": 1,
                "testbench": 1
            },
            "end_perf": [
                0.49104785919189453,
                0.24311199999999999,
                0.078712000000000004,
                273708,
                284876,
                85481311154138,
                0,
                0
            ],
            "nQuads": 8,
            "nMops": 7
        },
        "mult_stage": {
            "nRouts": 25,
            "Compiled Times": 13,
            "start_perf": [
                0.66321587562561035,
                0.39702199999999999,
                0.088005,
                285204,
                285208,
                1553646014.2943599,
                85481930955590
            ],
            "child_modules": {},
            "end_perf": [
                0.66526198387145996,
                0.399059,
                0.088012999999999994,
                285204,
                285208,
                85481938348182,
                73014444033,
                0
            ],
            "Compiled": "Yes",
            "nQuads": 158,
            "nMops": 639
        },
        "pipeline": {
            "Compiled Times": 13,
            "significant_routs": [
                [
                    82,
                    "T_VCSgd_yGssz_9_0",
                    13536906,
                    8176,
                    1244
                ],
                [
                    113,
                    "R_VCSgd_yGssz_71",
                    12258712,
                    6127,
                    1161
                ],
                [
                    117,
                    "R_VCSgd_yGssz_75",
                    14573152,
                    7376,
                    1505
                ],
                [
                    163,
                    "R_VCSgd_yGssz_a3",
                    35139342,
                    23318,
                    4802
                ],
                [
                    165,
                    "R_VCSgd_yGssz_a5",
                    11411564,
                    9341,
                    1490
                ]
            ],
            "nRouts": 678,
            "start_perf": [
                0.4952089786529541,
                0.24556500000000001,
                0.079857999999999998,
                273712,
                284876,
                1553646014.126353,
                85481326094700
            ],
            "child_modules": {
                "psel_single_0000": 6,
                "mult_stage": 4,
                "alu": 4,
                "encoder_0000": 6
            },
            "Compiled": "Yes",
            "end_perf": [
                0.64879989624023438,
                0.38368200000000002,
                0.086928000000000005,
                285204,
                285208,
                85481879313518,
                12884901889,
                0
            ],
            "nQuads": 16737,
            "nMops": 57651
        },
        "std": {
            "Compiled Times": 13,
            "nRouts": 33,
            "start_perf": [
                0.49341893196105957,
                0.24468100000000001,
                0.078951999999999994,
                273712,
                284876,
                1553646014.124563,
                85481319652410
            ],
            "child_modules": {},
            "Compiled": "Yes",
            "end_perf": [
                0.49515485763549805,
                0.24552399999999999,
                0.079844999999999999,
                273712,
                284876,
                85481325922562,
                8589934594,
                0
            ],
            "svclass": [
                "$vcs_nba_dyn_obj",
                0,
                37,
                2,
                2,
                0,
                "sigprop$$",
                0,
                37,
                2,
                2,
                0,
                "process",
                0,
                184,
                8,
                8,
                0,
                "event",
                0,
                36,
                2,
                2,
                0,
                "mailbox",
                0,
                99,
                9,
                9,
                0,
                "semaphore",
                0,
                69,
                5,
                5,
                0
            ],
            "nQuads": 213,
            "nMops": 462
        },
        "alu": {
            "nRouts": 15,
            "Compiled Times": 13,
            "start_perf": [
                0.66101288795471191,
                0.39485599999999998,
                0.087968000000000005,
                285204,
                285208,
                1553646014.2921569,
                85481923021766
            ],
            "child_modules": {},
            "end_perf": [
                0.66315484046936035,
                0.39697199999999999,
                0.087993000000000002,
                285204,
                285208,
                85481930764714,
                51539607553,
                0
            ],
            "Compiled": "Yes",
            "nQuads": 182,
            "nMops": 841
        },
        "encoder_0000": {
            "nRouts": 28,
            "Compiled Times": 13,
            "start_perf": [
                0.64895486831665039,
                0.38380900000000001,
                0.086956000000000006,
                285204,
                285208,
                1553646014.2800989,
                85481879736656
            ],
            "child_modules": {},
            "end_perf": [
                0.65312099456787109,
                0.38794400000000001,
                0.086986999999999995,
                285204,
                285208,
                85481894715568,
                21474836481,
                0
            ],
            "Compiled": "Yes",
            "nQuads": 305,
            "nMops": 1247
        },
        "psel_single_0000": {
            "nRouts": 37,
            "Compiled Times": 13,