{
    "CompUnits": {
        "iAVhC_d": {
            "archive": "archive.10/_16428_archive_1.a",
            "mod": "testbench",
            "out": "iAVhC_d.o",
            "bytes": 49740,
            "text": 16007,
            "mode": 4,
            "checksum": 0
        }
    },
    "Modules": {
        "_vcs_unit__487125699": {
            "nMops": 78,
            "Compiled": "Yes",
            "start_perf": [
                0.49161601066589355,
                0.25847999999999999,
                0.065374000000000002,
                273768,
                284884,
                1553645767.230689,
                79243403551502
            ],
            "end_perf": [
                0.49433994293212891,
                0.25952599999999998,
                0.066390000000000005,
                273772,
                284884,
                79243413353288,
                4294967297,
                0
            ],
            "child_modules": {},
            "Compiled Times": 2,
            "nQuads": 20,
            "nRouts": 8
        },
        "pipeline": {
            "nMops": 34670,
            "Compiled": "Yes",
            "start_perf": [
                0.49668407440185547,
                0.260739,
                0.067519999999999997,
                273772,
                284884,
                1553645767.2357571,
                79243421765788
            ],
            "end_perf": [
                0.55324792861938477,
                0.31267499999999998,
                0.070376999999999995,
                277764,
                284884,
                79243625435550,
                12884901889,
                0
            ],
            "child_modules": {
                "encoder_0000": 6,
                "mult_stage": 4,
                "psel_single_0000": 6,
                "alu": 4
            },
            "Compiled Times": 11,
            "nQuads": 9969,
            "nRouts": 674
        },
        "mem_stage": {
            "nMops": 871,
            "Compiled": "Yes",
            "start_perf": [
                0.55873990058898926,
                0.31810899999999998,
                0.070434999999999998,
                277764,
                284884,
                1553645767.2978129,
                79243645128938
            ],
            "end_perf": [
                0.56049203872680664,
                0.31985999999999998,
                0.070434999999999998,
                277764,
                284884,
                79243651455204,
                47244640257,
                0
            ],
            "child_modules": {},
            "Compiled Times": 11,
            "nQuads": 214,
            "nRouts": 28
        },
        "...MASTER...": {
            "nMops": 11,
            "start_perf": [
                0.47930502891540527,
                0.25470900000000002,
                0.064925999999999998,
                272472,
                284884,
                1553645767.2183781,
                79243359225086
            ],
            "end_perf": [
                0.49150204658508301,
                0.25839400000000001,
                0.065351999999999993,
                273768,
                284884,
                79243403146168,
                0,
                0
            ],
            "child_modules": {
                "mem_stage": 1,
                "_vcs_unit__487125699": 1,
                "regfile": 1,
                "wb_stage": 1,
                "testbench": 1,
                "std": 1,
                "RAS": 1,
                "GSHARE": 1
            },
            "nQuads": 20,
            "nRouts": 17
        },
        "psel_single_0000": {
            "nMops": 3157,
            "Compiled": "Yes",
            "start_perf": [
                0.55557990074157715,
                0.31494899999999998,
                0.070434999999999998,
                277764,
                284884,
                1553645767.2946529,
                79243633750918
            ],
            "end_perf": [
                0.55869197845458984,
                0.31806000000000001,
                0.070434999999999998,
                277764,
                284884,
                79243644981686,
                30064771073,
                0
            ],
            "child_modules": {},
            "Compiled Times": 11,
            "nQuads": 513,
            "nRouts": 37
        },
        "testbench": {
            "nMops": 4630,
            "Compiled": "Yes",
            "start_perf": [
                0.57293391227722168,
                0.32942199999999999,
                0.073316000000000006,
                277764,
                284884,
                1553645767.312007,
                79243696227358
            ],
            "end_perf": [
                0.59272503852844238,
                0.34189999999999998,
                0.075977000000000003,
                281704,
                284884,
                79243767745454,
                141733920769,
                0
            ],
            "child_modules": {
                "mem": 1,
                "pipeline": 1
            },
            "Compiled Times": 11,
            "nQuads": 1473,
            "nRouts": 86
        },
        "mem": {
            "nMops": 1277,
            "Compiled": "Yes",
            "start_perf": [
                0.5705418586730957,
                0.32792199999999999,
                0.072424000000000002,
                277764,
                284884,
                1553645767.3096149,
                79243687613544
            ],
            "end_perf": [
                0.57288694381713867,
                0.32938299999999998,
                0.073306999999999997,
                277764,
                284884,
                79243696080366,
                137438953473,
                0
            ],
            "child_modules": {},
            "Compiled Times": 11,
            "nQuads": 353,
            "nRouts": 24
        },
        "wb_stage": {
            "nMops": 432,
            "Compiled": "Yes",
            "start_perf": [
                0.5637049674987793,
                0.32307399999999997,
                0.070434999999999998,
                277764,
                284884,
                1553645767.302778,
                79243663002262
            ],
            "end_perf": [
                0.56484293937683105,
                0.32335000000000003,
                0.071296999999999999,
                277764,
                284884,
                79243667116970,
                81604378625,
                0
            ],
            "child_modules": {},
            "Compiled Times": 11,
            "nQuads": 62,
            "nRouts": 11
        },
        "mult_stage": {
            "nMops": 639,
            "Compiled": "Yes",
            "start_perf": [
                0.56217503547668457,
                0.32154300000000002,
                0.070434999999999998,
                277764,
                284884,
                1553645767.3012481,
                79243657491412
            ],
            "end_perf": [
                0.56365799903869629,
                0.32302599999999998,
                0.070434999999999998,
                277764,
                284884,
                79243662855276,
                73014444033,
                0
            ],
            "child_modules": {},
            "Compiled Times": 11,
            "nQuads": 158,
            "nRouts": 25
        },
        "std": {
            "Compiled": "Yes",
            "nMops": 462,
            "start_perf": [
                0.49440193176269531,
                0.259575,
                0.066403000000000004,
                273772,
                284884,
                1553645767.233475,
                79243413553856
            ],
            "child_modules": {},