{
    "Modules": {
        "alu": {
            "Compiled Times": 9,
            "start_perf": [
                0.5560150146484375,
                0.31013800000000002,
                0.074756000000000003,
                277716,
                284880,
                1553638567.9164331,
                58674907938182
            ],
            "child_modules": {},
            "nMops": 841,
            "Compiled": "Yes",
            "nRouts": 15,
            "end_perf": [
                0.55779385566711426,
                0.311917,
                0.074756000000000003,
                277716,
                284880,
                58674914373098,
                51539607553,
                0
            ],
            "nQuads": 182
        },
        "...MASTER...": {
            "start_perf": [
                0.47981595993041992,
                0.249282,
                0.067892999999999995,
                272424,
                284880,
                1553638567.840234,
                58674633632466
            ],
            "child_modules": {
                "_vcs_unit__3978149292": 1,
                "testbench": 1,
                "mem_stage": 1,
                "regfile": 1,
                "std": 1,
                "RAS": 1,
                "wb_stage": 1
            },
            "nRouts": 16,
            "end_perf": [
                0.49060988426208496,
                0.25059700000000001,
                0.070733000000000004,
                273720,
                284880,
                58674672532240,
                0,
                0
            ],
            "nQuads": 19,
            "nMops": 9
        },
        "encoder_0000": {
            "Compiled Times": 9,
            "start_perf": [
                0.54772186279296875,
                0.30289700000000003,
                0.073705000000000007,
                277716,
                284880,
                1553638567.9081399,
                58674878090492
            ],
            "child_modules": {},
            "nMops": 1247,
            "Compiled": "Yes",
            "nRouts": 28,
            "end_perf": [
                0.55029892921447754,
                0.30455300000000002,
                0.074624999999999997,
                277716,
                284880,
                58674887388848,
                21474836481,
                0
            ],
            "nQuads": 305
        },
        "_vcs_unit__3978149292": {
            "Compiled Times": 3,
            "start_perf": [
                0.49071097373962402,
                0.25067200000000001,
                0.070753999999999997,
                273720,
                284880,
                1553638567.8511291,
                58674672854400
            ],
            "child_modules": {},
            "nMops": 78,
            "Compiled": "Yes",
            "nRouts": 8,
            "end_perf": [
                0.49281787872314453,
                0.25135999999999997,
                0.071673000000000001,
                273724,
                284880,
                58674680451676,
                4294967297,
                0
            ],
            "nQuads": 20
        },
        "std": {
            "Compiled Times": 9,
            "start_perf": [
                0.49286699295043945,
                0.25139899999999998,
                0.071683999999999998,
                273724,
                284880,
                1553638567.8532851,
                58674680609940
            ],
            "child_modules": {},
            "nMops": 462,
            "Compiled": "Yes",
            "nRouts": 33,
            "end_perf": [
                0.49461698532104492,
                0.25314799999999998,
                0.071683999999999998,
                273724,
                284880,
                58674686927900,
                8589934594,
                0
            ],
            "svclass": [
                "$vcs_nba_dyn_obj",
                0,
                37,
                2,
                2,
                0,
                "sigprop$$",
                0,
                37,
                2,
                2,
                0,
                "process",
                0,
                184,
                8,
                8,
                0,
                "event",
                0,
                36,
                2,
                2,
                0,
                "mailbox",
                0,
                99,
                9,
                9,
                0,
                "semaphore",
                0,
                69,
                5,
                5,
                0
            ],
            "nQuads": 213
        },
        "pipeline": {
            "Compiled Times": 9,
            "start_perf": [
                0.49466991424560547,
                0.25320199999999998,
                0.071683999999999998,
                273724,
                284880,
                1553638567.855088,
                58674687101896
            ],
            "child_modules": {
                "psel_single_0000": 6,
                "mult_stage": 4,
                "encoder_0000": 6,
                "alu": 4
            },
            "nMops": 34670,
            "Compiled": "Yes",
            "nRouts": 674,
            "end_perf": [
                0.54766297340393066,
                0.30284899999999998,
                0.073692999999999995,
                277716,
                284880,
                58674877924618,
                12884901889,
                0
            ],
            "nQuads": 9969
        },
        "psel_single_0000": {
            "Compiled Times": 9,
            "start_perf": [
                0.55034899711608887,
                0.304593,
                0.074635000000000007,
                277716,
                284880,
                1553638567.9107671,
                58674887539294
            ],
            "child_modules": {},
            "nMops": 3157,
            "Compiled": "Yes",
            "nRouts": 37,
            "end_perf": [
                0.55367898941040039,
                0.307863,
                0.074693999999999997,
                277716,
                284880,
                58674899612728,
                30064771073,
                0
            ],
            "nQuads": 513
        },
        "mem_stage": {
            "Compiled Times": 9,
            "start_perf": [
                0.55374383926391602,
                0.30791600000000002,
                0.074706999999999996,
                277716,
                284880,
                1553638567.9141619,
                58674899768858
            ],
            "child_modules": {},
            "nMops": 871,
            "Compiled": "Yes",
            "nRouts": 28,
            "end_perf": [
                0.55596590042114258,
                0.31009900000000001,
                0.074746999999999994,
                277716,
                284880,
                58674907783384,
                47244640257,
                0
            ],
            "nQuads": 214
        },
        "mult_stage": {
            "Compiled Times": 9,
            "start_perf": [
                0.55784392356872559,
                0.31196699999999999,
                0.074756000000000003,
                277716,
                284880,
                1553638567.918262,
                58674914526876
            ],
            "child_modules": {},
            "nMops": 639,
            "Compiled": "Yes",
            "nRouts": 25,
            "end_perf": [
                0.55943989753723145,
                0.31356299999999998,
                0.074756000000000003,
                277716,
                284880,
                58674920294000,
                73014444033,
                0
            ],
            "nQuads": 158
        },
        "wb_stage": {
            "Compiled Times": 9,