{
    "CompUnits": {
        "AKFEj_d": {
            "archive": "archive.34/_13760_archive_1.a",
            "mod": "_vcs_unit__487125699",
            "mode": 4,
            "text": 1926,
            "out": "AKFEj_d.o",
            "bytes": 37766,
            "checksum": 0
        },
        "a17ZG_d": {
            "archive": "archive.34/_13760_archive_1.a",
            "mod": "pipeline_0000",
            "mode": 4,
            "text": 215201,
            "out": "a17ZG_d.o",
            "bytes": 372582,
            "checksum": 0
        }
    },
    "Modules": {
        "mem": {
            "nMops": 1435,
            "end_perf": [
                0.82631707191467285,
                0.48855700000000002,
                0.100526,
                287804,
                287828,
                34404410125352,
                137438953473,
                0
            ],
            "start_perf": [
                0.82351112365722656,
                0.48672100000000001,
                0.099556000000000006,
                287804,
                287828,
                1553826472.868767,
                34404401147894
            ],
            "nRouts": 56,
            "nQuads": 536,
            "Compiled": "Yes",
            "child_modules": {},
            "Compiled Times": 34
        },
        "...MASTER...": {
            "nMops": 11,
            "end_perf": [
                0.62421107292175293,
                0.31616,
                0.085392999999999997,
                285836,
                287660,
                34403765018579,
                0,
                0
            ],
            "start_perf": [
                0.61325502395629883,
                0.313388,
                0.084163000000000002,
                285824,
                287660,
                1553826472.6585109,
                34403730043892
            ],
            "nRouts": 17,
            "nQuads": 20,
            "child_modules": {
                "_vcs_unit__487125699": 1,
                "mem_stage": 1,
                "wb_stage": 1,
                "RAS": 1,
                "regfile": 1,
                "GSHARE": 1,
                "std": 1,
                "testbench": 1
            }
        },
        "_vcs_unit__487125699": {
            "nMops": 387,
            "end_perf": [
                0.64169001579284668,
                0.318245,
                0.089916999999999997,
                287804,
                287804,
                34403820813389,
                4294967297,
                0
            ],
            "start_perf": [
                0.62430405616760254,
                0.31616,
                0.085481000000000001,
                285836,
                287660,
                1553826472.66956,
                34403765282074
            ],
            "nRouts": 15,
            "nQuads": 156,
            "Compiled": "Yes",
            "child_modules": {},
            "Compiled Times": 34
        },
        "ROB": {
            "nMops": 3361,
            "end_perf": [
                0.79289817810058594,
                0.45799899999999999,
                0.097665000000000002,
                287804,
                287828,
                34404303457611,
                94489280513,
                0
            ],
            "start_perf": [
                0.78798604011535645,
                0.45308700000000002,
                0.097665000000000002,
                287804,
                287828,
                1553826472.8332419,
                34404287752117
            ],
            "nRouts": 67,
            "nQuads": 987,
            "Compiled": "Yes",
            "child_modules": {},
            "Compiled Times": 3
        },
        "std": {
            "end_perf": [
                0.64376521110534668,
                0.320303,
                0.089928999999999995,
                287804,
                287808,
                34403827418093,
                8589934594,
                0
            ],
            "nMops": 528,
            "start_perf": [
                0.64174699783325195,
                0.31829099999999999,
                0.089928999999999995,
                287804,
                287804,
                1553826472.6870029,
                34403820956207
            ],
            "nRouts": 33,
            "nQuads": 218,
            "child_modules": {},
            "Compiled": "Yes",
            "Compiled Times": 34,
            "svclass": [
                "$vcs_nba_dyn_obj",
                0,
                35,
                2,
                2,
                0,
                "sigprop$$",
                0,
                35,
                2,
                2,
                0,
                "process",
                0,
                200,
                8,
                8,
                0,
                "event",
                0,
                34,
                2,
                2,
                0,
                "mailbox",
                0,
                140,
                9,
                9,
                0,
                "semaphore",
                0,
                84,
                5,
                5,
                0
            ]
        },
        "pipeline_0000": {
            "significant_routs": [
                [
                    221,
                    "T_VCSgd_a17ZG_8_0",
                    12185081,
                    8313,
                    1249
                ],
                [
                    267,
                    "R_VCSgd_a17ZG_10b",
                    10076279,
                    8916,
                    1092
                ]
            ],
            "end_perf": [
                0.76789116859436035,
                0.43500100000000003,
                0.095659999999999995,
                287804,
                287828,
                34404223654566,
                12884901889,
                0
            ],
            "nMops": 30568,
            "start_perf": [
                0.64381599426269531,
                0.32034600000000002,
                0.089939000000000005,
                287804,
                287808,
                1553826472.6890719,
                34403827562182
            ],
            "nRouts": 987,
            "nQuads": 10669,
            "child_modules": {
                "ROB": 1,
                "Arch_Map_Table": 1,
                "Free_List": 1,
                "phys_regfile": 1,
                "psel_generic_0001": 1,
                "alu": 4,
                "RS_0000": 1
            },
            "Compiled": "Yes",
            "Compiled Times": 2
        },
        "phys_regfile": {
            "nMops": 1227,
            "end_perf": [
                0.7802741527557373,
                0.44736900000000002,
                0.095670000000000005,
                287804,
                287828,
                34404263157172,
                34359738369,
                0
            ],
            "start_perf": [
                0.77769017219543457,
                0.44478499999999999,
                0.095670000000000005,
                287804,
                287828,
                1553826472.8229461,
                34404254886035
            ],
            "nRouts": 39,
            "nQuads": 398,
            "Compiled": "Yes",
            "child_modules": {},
            "Compiled Times": 2
        },
        "testbench": {
            "nMops": 4344,
            "end_perf": [
                0.83383417129516602,
                0.49498599999999998,
                0.10161199999999999,
                287804,
                287828,
                34404434127562,
                141733920769,
                0
            ],