{
    "Modules": {
        "...MASTER...": {
            "start_perf": [
                0.7591400146484375,
                0.36046699999999998,
                0.089619000000000004,
                272536,
                284964,
                1553636240.5543461,
                44947363534018
            ],
            "child_modules": {
                "RAS": 1,
                "testbench": 1,
                "std": 1,
                "regfile": 1,
                "mem_stage": 1,
                "_vcs_unit__659702815": 1,
                "OBQ": 1,
                "wb_stage": 1
            },
            "end_perf": [
                0.7951509952545166,
                0.36461199999999999,
                0.09962,
                276852,
                284964,
                44947492861618,
                0,
                0
            ],
            "nQuads": 25,
            "nMops": 13,
            "nRouts": 20
        },
        "_vcs_unit__659702815": {
            "start_perf": [
                0.79536104202270508,
                0.36476900000000001,
                0.099663000000000002,
                276852,
                284964,
                1553636240.5905671,
                44947493561682
            ],
            "significant_routs": [
                [
                    3,
                    "R_VCSgd_sJAvQ_3",
                    26598220,
                    562,
                    78
                ]
            ],
            "Compiled": "Yes",
            "child_modules": {},
            "Compiled Times": 1,
            "end_perf": [
                0.83741092681884766,
                0.36890200000000001,
                0.105117,
                277836,
                284964,
                44947645042444,
                4294967297,
                0
            ],
            "nQuads": 20,
            "nMops": 78,
            "nRouts": 8
        },
        "testbench": {
            "Compiled": "Yes",
            "start_perf": [
                1.0856659412384033,
                0.58570500000000003,
                0.121112,
                285836,
                285860,
                1553636240.880872,
                44948538442592
            ],
            "child_modules": {
                "mem": 1,
                "pipeline": 1
            },
            "Compiled Times": 7,
            "end_perf": [
                1.1016898155212402,
                0.60144699999999995,
                0.121283,
                285836,
                285860,
                44948596209206,
                141733920769,
                0
            ],
            "nQuads": 1712,
            "nMops": 5114,
            "nRouts": 92
        },
        "regfile": {
            "Compiled": "Yes",
            "start_perf": [
                1.0708818435668945,
                0.57535099999999995,
                0.119279,
                285836,
                285860,
                1553636240.8660879,
                44948485213072
            ],
            "child_modules": {},
            "Compiled Times": 7,
            "end_perf": [
                1.0752749443054199,
                0.578704,
                0.120314,
                285836,
                285860,
                44948501102316,
                128849018881,
                0
            ],
            "nQuads": 374,
            "nMops": 1334,
            "nRouts": 24
        },
        "RAS": {
            "Compiled": "Yes",
            "start_perf": [
                1.0650849342346191,
                0.56955999999999996,
                0.119279,
                285836,
                285860,
                1553636240.860291,
                44948464344072
            ],
            "child_modules": {},
            "Compiled Times": 7,
            "end_perf": [
                1.0708169937133789,
                0.57528599999999996,
                0.119279,
                285836,
                285860,
                44948485055500,
                115964116993,
                0
            ],
            "nQuads": 530,
            "nMops": 1671,
            "nRouts": 27
        },
        "std": {
            "Compiled": "Yes",
            "start_perf": [
                0.83755898475646973,
                0.36890200000000001,
                0.105266,
                277836,
                284964,
                1553636240.6327651,
                44947645462376
            ],
            "child_modules": {},
            "Compiled Times": 7,
            "end_perf": [
                0.8542640209197998,
                0.37847900000000001,
                0.108986,
                277836,
                284964,
                44947705659568,
                8589934594,
                0
            ],
            "svclass": [
                "$vcs_nba_dyn_obj",
                385,
                37,
                2,
                2,
                0,
                "sigprop$$",
                385,
                37,
                2,
                2,
                0,
                "process",
                1645,
                184,
                8,
                8,
                0,
                "event",
                462,
                36,
                2,
                2,
                0,
                "mailbox",
                848,
                99,
                9,
                9,
                0,
                "semaphore",
                656,
                68,
                5,
                5,
                0
            ],
            "nQuads": 426,
            "nMops": 923,
            "nRouts": 33
        },
        "encoder_0000": {
            "Compiled": "Yes",
            "start_perf": [
                1.0152208805084229,
                0.52395899999999995,
                0.116324,
                285836,
                285860,
                1553636240.810427,
                44948284855610
            ],
            "child_modules": {},
            "Compiled Times": 7,
            "end_perf": [
                1.0215988159179688,
                0.53031499999999998,
                0.116324,
                285836,
                285860,
                44948307868906,
                21474836481,
                0
            ],
            "nQuads": 610,
            "nMops": 2494,
            "nRouts": 28
        },
        "mem_stage": {
            "Compiled": "Yes",
            "start_perf": [
                1.0295908451080322,
                0.53642599999999996,
                0.118212,
                285836,
                285860,
                1553636240.8247969,
                44948336564180
            ],
            "child_modules": {},
            "Compiled Times": 7,
            "end_perf": [
                1.0350339412689209,
                0.54178000000000004,
                0.118296,
                285836,
                285860,
                44948356235616,
                47244640257,
                0
            ],
            "nQuads": 428,
            "nMops": 1742,
            "nRouts": 28
        },
        "pipeline": {
            "start_perf": [
                0.85440397262573242,
                0.37858900000000001,
                0.109017,
                277836,
                284964,
                1553636240.64961,
                44947706126836
            ],