{
    "Modules": {
        "mem_stage": {
            "start_perf": [
                0.80695009231567383,
                0.46076600000000001,
                0.095742999999999995,
                287648,
                287652,
                1553738901.321799,
                56762034407824
            ],
            "nRouts": 33,
            "nMops": 988,
            "nQuads": 248,
            "child_modules": {},
            "Compiled": "Yes",
            "Compiled Times": 16,
            "end_perf": [
                0.80925202369689941,
                0.46201700000000001,
                0.096794000000000005,
                287648,
                287652,
                56762042723700,
                47244640257,
                0
            ]
        },
        "...MASTER...": {
            "start_perf": [
                0.62463903427124023,
                0.31998100000000002,
                0.081485000000000002,
                285668,
                287504,
                1553738901.139488,
                56761378127686
            ],
            "nRouts": 17,
            "nMops": 11,
            "nQuads": 20,
            "child_modules": {
                "_vcs_unit__487125699": 1,
                "mem_stage": 1,
                "wb_stage": 1,
                "testbench": 1,
                "std": 1,
                "regfile": 1,
                "GSHARE": 1,
                "RAS": 1
            },
            "end_perf": [
                0.63758397102355957,
                0.32114399999999999,
                0.084511000000000003,
                285680,
                287504,
                56761424733408,
                0,
                0
            ]
        },
        "_vcs_unit__487125699": {
            "start_perf": [
                0.63768100738525391,
                0.321216,
                0.084529999999999994,
                285680,
                287504,
                1553738901.15253,
                56761425044652
            ],
            "nRouts": 15,
            "nMops": 194,
            "nQuads": 78,
            "child_modules": {},
            "Compiled": "Yes",
            "Compiled Times": 16,
            "end_perf": [
                0.65010213851928711,
                0.32203900000000002,
                0.087467000000000003,
                285696,
                287504,
                56761469803662,
                4294967297,
                0
            ]
        },
        "std": {
            "start_perf": [
                0.6501619815826416,
                0.32208700000000001,
                0.087480000000000002,
                285696,
                287504,
                1553738901.1650109,
                56761469968616
            ],
            "child_modules": {},
            "nMops": 528,
            "nRouts": 33,
            "nQuads": 218,
            "Compiled": "Yes",
            "Compiled Times": 16,
            "end_perf": [
                0.65224695205688477,
                0.32415100000000002,
                0.087499999999999994,
                285696,
                287504,
                56761477511288,
                8589934594,
                0
            ],
            "svclass": [
                "$vcs_nba_dyn_obj",
                0,
                35,
                2,
                2,
                0,
                "sigprop$$",
                0,
                35,
                2,
                2,
                0,
                "process",
                0,
                200,
                8,
                8,
                0,
                "event",
                0,
                34,
                2,
                2,
                0,
                "mailbox",
                0,
                140,
                9,
                9,
                0,
                "semaphore",
                0,
                84,
                5,
                5,
                0
            ]
        },
        "regfile": {
            "start_perf": [
                0.82628893852233887,
                0.47604800000000003,
                0.0998,
                287648,
                287652,
                1553738901.3411379,
                56762104022584
            ],
            "nRouts": 28,
            "nMops": 637,
            "nQuads": 223,
            "child_modules": {},
            "Compiled": "Yes",
            "Compiled Times": 16,
            "end_perf": [
                0.82806205749511719,
                0.47686200000000001,
                0.100759,
                287648,
                287652,
                56762110426272,
                124554051585,
                0
            ]
        },
        "Arch_Map_Table": {
            "start_perf": [
                0.81434106826782227,
                0.46609200000000001,
                0.097808999999999993,
                287648,
                287652,
                1553738901.32919,
                56762061012320
            ],
            "nRouts": 27,
            "nMops": 478,
            "nQuads": 207,
            "child_modules": {},
            "Compiled": "Yes",
            "Compiled Times": 5,
            "end_perf": [
                0.81630396842956543,
                0.46805400000000003,
                0.097808999999999993,
                287648,
                287652,
                56762068113302,
                77309411329,
                0
            ]
        },
        "pipeline": {
            "start_perf": [
                0.65230607986450195,
                0.32419799999999999,
                0.087512999999999994,
                285696,
                287504,
                1553738901.167155,
                56761477688612
            ],
            "child_modules": {
                "ROB": 1,
                "Free_List": 1,
                "alu": 4,
                "RS_0000": 1,
                "psel_generic_0001": 1,
                "Arch_Map_Table": 1
            },
            "nMops": 30989,
            "nRouts": 1010,
            "nQuads": 10788,
            "Compiled": "Yes",
            "Compiled Times": 16,
            "significant_routs": [
                [
                    1,
                    "R_VCSgd_yGssz_1",
                    11617456,
                    8090,
                    1395
                ],
                [
                    212,
                    "T_VCSgd_yGssz_6_0",
                    19521756,
                    8313,
                    1249
                ]
            ],
            "end_perf": [
                0.79617810249328613,
                0.451957,
                0.093783000000000005,
                287648,
                287652,
                56761995689946,
                12884901889,
                0
            ]
        },
        "encoder_0000": {
            "start_perf": [
                0.79624795913696289,
                0.452015,
                0.093795000000000003,
                287648,
                287652,
                1553738901.3110969,
                56761995881460
            ],
            "nRouts": 59,
            "nMops": 2801,
            "nQuads": 827,
            "child_modules": {},
            "Compiled": "Yes",
            "Compiled Times": 16,
            "end_perf": [
                0.80042099952697754,
                0.45515600000000001,
                0.094824000000000006,
                287648,
                287652,
                56762010932218,
                21474836481,
                0
            ]
        },
        "alu": {
            "start_perf": [
                0.80930495262145996,
                0.462061,
                0.096803,
                287648,
                287652,
                1553738901.3241539,
                56762042880978
            ],
            "nRouts": 22,
            "nMops": 952,
            "nQuads": 272,