{
    "Modules": {
        "...MASTER...": {
            "nQuads": 40,
            "start_perf": [
                1.8101089000701904,
                0.32029800000000003,
                0.087540999999999994,
                285596,
                287432,
                1553794033.952714,
                20184965052294
            ],
            "end_perf": [
                1.8355710506439209,
                0.32237199999999999,
                0.091957999999999998,
                286588,
                287432,
                20185053971946,
                0,
                0
            ],
            "child_modules": {
                "wb_stage": 1,
                "_vcs_unit__487125699": 1,
                "mem_stage": 1,
                "regfile": 1,
                "GSHARE": 1,
                "std": 1,
                "testbench": 1,
                "RAS": 1
            },
            "nMops": 22,
            "nRouts": 17
        },
        "_vcs_unit__487125699": {
            "nQuads": 118,
            "Compiled": "Yes",
            "start_perf": [
                1.8356878757476807,
                0.32245800000000002,
                0.091982999999999995,
                286588,
                287432,
                1553794033.9782929,
                20185054301078
            ],
            "end_perf": [
                1.8722598552703857,
                0.326374,
                0.095322000000000004,
                287576,
                287580,
                20185182064728,
                4294967297,
                0
            ],
            "child_modules": {},
            "Compiled Times": 17,
            "nMops": 275,
            "nRouts": 15
        },
        "wb_stage": {
            "nQuads": 132,
            "Compiled": "Yes",
            "start_perf": [
                2.0404438972473145,
                0.48360199999999998,
                0.10489,
                287576,
                287600,
                1553794034.183049,
                20185769277847
            ],
            "end_perf": [
                2.0441658496856689,
                0.48730099999999998,
                0.10489,
                287576,
                287600,
                20185782331120,
                77309411329,
                0
            ],
            "child_modules": {},
            "Compiled Times": 17,
            "nMops": 622,
            "nRouts": 14
        },
        "std": {
            "start_perf": [
                1.872330904006958,
                0.32643,
                0.095338000000000006,
                287576,
                287580,
                1553794034.014936,
                20185182247476
            ],
            "Compiled": "Yes",
            "svclass": [
                "$vcs_nba_dyn_obj",
                0,
                35,
                2,
                2,
                0,
                "sigprop$$",
                0,
                35,
                2,
                2,
                0,
                "process",
                0,
                200,
                8,
                8,
                0,
                "event",
                0,
                34,
                2,
                2,
                0,
                "mailbox",
                0,
                140,
                9,
                9,
                0,
                "semaphore",
                0,
                84,
                5,
                5,
                0
            ],
            "nQuads": 218,
            "child_modules": {},
            "end_perf": [
                1.8747899532318115,
                0.32880100000000001,
                0.095423999999999995,
                287576,
                287580,
                20185190862278,
                8589934594,
                0
            ],
            "Compiled Times": 17,
            "nMops": 528,
            "nRouts": 33
        },
        "Arch_Map_Table": {
            "nQuads": 414,
            "Compiled": "Yes",
            "start_perf": [
                2.0739829540252686,
                0.515065,
                0.106919,
                287576,
                287600,
                1553794034.216588,
                20185886438760
            ],
            "end_perf": [
                2.0801470279693604,
                0.51916499999999999,
                0.108973,
                287576,
                287600,
                20185908058231,
                111669149697,
                0
            ],
            "child_modules": {},
            "Compiled Times": 6,
            "nMops": 956,
            "nRouts": 27
        },
        "GSHARE": {
            "nQuads": 311,
            "Compiled": "Yes",
            "start_perf": [
                2.1572468280792236,
                0.596252,
                0.108973,
                287576,
                287600,
                1553794034.2998519,
                20186177168305
            ],
            "end_perf": [
                2.1602540016174316,
                0.59872199999999998,
                0.109509,
                287576,
                287600,
                20186187700234,
                133143986177,
                0
            ],
            "child_modules": {},
            "Compiled Times": 17,
            "nMops": 856,
            "nRouts": 37
        },
        "encoder_0000": {
            "nQuads": 827,
            "Compiled": "Yes",
            "start_perf": [
                2.0201890468597412,
                0.46729199999999999,
                0.100947,
                287576,
                287600,
                1553794034.1627941,
                20185698579618
            ],
            "end_perf": [
                2.0247738361358643,
                0.46998099999999998,
                0.10284,
                287576,
                287600,
                20185714612556,
                21474836481,
                0
            ],
            "child_modules": {},
            "Compiled Times": 17,
            "nMops": 2801,
            "nRouts": 59
        },
        "psel_single_0000": {
            "nQuads": 819,
            "Compiled": "Yes",
            "start_perf": [
                2.0273318290710449,
                0.47160600000000003,
                0.10377400000000001,
                287576,
                287600,
                1553794034.1699369,
                20185723494652
            ],
            "end_perf": [
                2.0322799682617188,
                0.47556100000000001,
                0.104767,
                287576,
                287600,
                20185740813922,
                30064771073,
                0
            ],
            "child_modules": {},
            "Compiled Times": 17,
            "nMops": 4348,
            "nRouts": 54
        },
        "psel_generic_0001": {
            "nQuads": 262,
            "Compiled": "Yes",
            "start_perf": [
                2.0248298645019531,
                0.47002699999999997,
                0.10285,
                287576,
                287600,
                1553794034.1674349,
                20185714753375
            ],
            "end_perf": [
                2.0272819995880127,
                0.47156500000000001,
                0.103764,
                287576,
                287600,
                20185723354795,
                25769803777,
                0
            ],
            "child_modules": {},
            "Compiled Times": 6,
            "nMops": 1220,
            "nRouts": 28
        },
        "pipeline": {
            "nQuads": 10664,
            "Compiled": "Yes",