{
    "cycles_program_begin": 11982771826604,
    "perf": [
        [
            0.16168689727783203,
            0.032669999999999998,
            0.032669999999999998,
            266884,
            267504,
            1553710466.7886679,
            11983306333572,
            "doParsingAndDesignResolution",
            "entry"
        ],
        [
            0.24929094314575195,
            0.10509300000000001,
            0.044615000000000002,
            270324,
            270972,
            1553710466.876272,
            11983621272670,
            "doParsingAndDesignResolution",
            "exit"
        ],
        [
            0.24936890602111816,
            0.10514900000000001,
            0.044637999999999997,
            270324,
            270972,
            1553710466.8763499,
            11983621484540,
            "doPostDesignResolutionToVir2Vcs",
            "entry"
        ],
        [
            0.30069303512573242,
            0.13871,
            0.049895000000000002,
            274964,
            274968,
            1553710466.9276741,
            11983806324572,
            "doUptoVir2VcsNoSepCleanup",
            "entry"
        ],
        [
            0.40836000442504883,
            0.22269,
            0.057149999999999999,
            284612,
            284632,
            1553710467.035341,
            11984194083462,
            "doUptoVir2VcsNoSepCleanup",
            "exit"
        ],
        [
            0.40850305557250977,
            0.22269,
            0.057293999999999998,
            284612,
            284632,
            1553710467.0354841,
            11984194507662,
            "doRadify_vir2vcsAll",
            "entry"
        ],
        [
            0.4276878833770752,
            0.23305699999999999,
            0.062935000000000005,
            284612,
            284632,
            1553710467.0546689,
            11984263631308,
            "doRadify_vir2vcsAll",
            "exit"
        ],
        [
            0.42778706550598145,
            0.23313600000000001,
            0.062955999999999998,
            284612,
            284632,
            1553710467.0547681,
            11984263924364,
            "doPostDesignResolutionToVir2Vcs",
            "exit"
        ],
        [
            0.42786407470703125,
            0.23319699999999999,
            0.062973000000000001,
            284612,
            284632,
            1553710467.0548451,
            11984264191518,
            "doGAToPass2",
            "entry"
        ],
        [
            0.47618508338928223,
            0.235564,
            0.065323999999999993,
            283056,
            284632,
            1553710467.1031661,
            11984438104780,
            "DoPass2",
            "entry"
        ],
        [
            0.67524003982543945,
            0.37622699999999998,
            0.083166000000000004,
            286080,
            286104,
            1553710467.3022211,
            11985154886928,
            "DoPass2",
            "exit"
        ]
    ],
    "stat": {
        "ru_self_end": {
            "ru_utime_sec": 0.38130599999999998,
            "ru_stime_sec": 0.085420999999999997,
            "ru_maxrss_kb": 95624,
            "ru_nvcsw": 183,
            "ru_minflt": 30830,
            "ru_majflt": 0,
            "ru_nivcsw": 135
        },
        "ru_self_cgstart": {
            "ru_utime_sec": 0.23563000000000001,
            "ru_stime_sec": 0.065341999999999997,
            "ru_maxrss_kb": 83032,
            "ru_nvcsw": 126,
            "ru_minflt": 25674,
            "ru_majflt": 0,
            "ru_nivcsw": 127
        },
        "nMops": 36738,
        "ru_childs_cgstart": {
            "ru_utime_sec": 0.013481999999999999,
            "ru_stime_sec": 0.013689,
            "ru_maxrss_kb": 30192,
            "ru_nvcsw": 17,
            "ru_minflt": 6348,
            "ru_majflt": 0,
            "ru_nivcsw": 6
        },
        "cpu_cycles_total": 2471835032,
        "ru_childs_end": {
            "ru_utime_sec": 0.014564000000000001,
            "ru_stime_sec": 0.015852999999999999,
            "ru_maxrss_kb": 30596,
            "ru_nvcsw": 19,
            "ru_minflt": 6954,
            "ru_majflt": 0,
            "ru_nivcsw": 8
        },
        "cpu_cycles_cgstart": 11984438214448,
        "mop/quad": 3.1810546367650878,
        "nQuads": 11549,
        "totalObjSize": 535980,
        "quadSpeed": 78694.176808078599,
        "CodeGen(%)": 37.072271200141465,
        "cpu_cycles_end": 11985243661636,
        "realTime": 0.70012688636779785,
        "mopSpeed": 250330.4760217501,
        "Frontend(%)": 62.927728799858542,
        "outputSizePerQuad": 46.409212918867432,
        "peak_mem_kb": 286104
    },
    "MlibObjs": {},
    "incremental": "on",
    "PrevCompiledModules": {
        "std": {
            "reYIK_d": {
                "bytes": 33092,
                "mod": "std",
                "mode": 4,
                "archive": "archive.2/_prev_archive_1.a",
                "checksum": 0,
                "out": "reYIK_d.o"
            }
        },
        "psel_single_0000": {
            "fZf2W_d": {
                "bytes": 27412,
                "mod": "psel_single_0000",
                "mode": 4,
                "archive": "archive.2/_prev_archive_1.a",
                "checksum": 0,
                "out": "fZf2W_d.o"
            }
        },
        "encoder_0000": {
            "TAk7p_d": {
                "bytes": 16950,
                "mod": "encoder_0000",
                "mode": 4,
                "archive": "archive.2/_prev_archive_1.a",
                "checksum": 0,
                "out": "TAk7p_d.o"
            }
        },
        "testbench": {
            "iAVhC_d": {
                "bytes": 431000,
                "mod": "testbench",
                "out": "iAVhC_d.o",
                "mode": 4,
                "archive": "archive.2/_24943_archive_1.a",
                "checksum": 0
            }
        },
        "...MASTER...": {
            "amcQw_d": {
                "bytes": 8054,
                "mod": "...MASTER...",
                "mode": 4,
                "checksum": 0,
                "out": "objs/amcQw_d.o"
            }
        },
        "_vcs_unit__1659876242": {
            "zPM8w_d": {
                "bytes": 22790,
                "mod": "_vcs_unit__1659876242",
                "out": "zPM8w_d.o",
                "mode": 4,
                "archive": "archive.2/_24943_archive_1.a",
                "checksum": 0
            }
        }
    },
    "LVLData": [
        "SIM"
    ],
    "cpu_cycles_pass2_start": 11984438127062,
    "NameTable": {
        "_vcs_unit__1659876242": [
            "_vcs_unit__1659876242",
            "zPM8w",
            "module",
            1
        ],
        "psel_single_0000": [
            "psel_single_0000",
            "fZf2W",
            "module",
            4
        ],
        "std": [
            "std",
            "reYIK",
            "module",
            2
        ],
        "testbench": [
            "testbench",
            "iAVhC",
            "module",
            5
        ],
        "encoder_0000": [
            "encoder_0000",
            "TAk7p",
            "module",
            3
        ],
        "...MASTER...": [
            "SIM",
            "amcQw",
            "module",
            6
        ]
    },
    "CompileStrategy": "fullobj",
    "CurCompileUdps": {},
    "PEModules": [],
    "SIMBData": {
        "out": "amcQwB.o",
        "bytes": 80166,
        "text": 0,
        "archive": "archive.2/_24943_archive_1.a"
    },
    "Misc": {
        "vcs_version": "N-2017.12-SP2-1_Full64",
        "daidir": "/afs/umich.edu/user/h/e/heewoo/Desktop/eecs470/FINAL/group10w19/synth/RS/simv_RS.daidir",
        "archive_dir": "archive.2",
        "vcs_build_date": "Build Date = Jul 14 2018 20:29:59",
        "master_pid": 24943,
        "csrc": "csrc",