{
    "stat": {
        "cpu_cycles_end": 14360140432154,
        "ru_self_end": {
            "ru_nivcsw": 128,
            "ru_utime_sec": 0.41234599999999999,
            "ru_majflt": 0,
            "ru_minflt": 30669,
            "ru_stime_sec": 0.081049999999999997,
            "ru_maxrss_kb": 95644,
            "ru_nvcsw": 213
        },
        "ru_childs_end": {
            "ru_nivcsw": 8,
            "ru_utime_sec": 0.009214,
            "ru_majflt": 0,
            "ru_minflt": 6954,
            "ru_stime_sec": 0.014827,
            "ru_maxrss_kb": 30636,
            "ru_nvcsw": 19
        },
        "peak_mem_kb": 286148
    },
    "reusePaths": {
        "amcQw_d": {
            "icPath": "csrc"
        },
        "reYIK_d": {
            "icPath": "csrc"
        },
        "TAk7p_d": {
            "icPath": "csrc"
        },
        "fZf2W_d": {
            "icPath": "csrc"
        }
    },
    "Modules": {
        "_vcs_unit__1659876242": {
            "Compiled Times": 4,
            "child_modules": {},
            "start_perf": [
                0.50762486457824707,
                0.26532699999999998,
                0.063239000000000004,
                283112,
                284676,
                1553711126.819531,
                14359416214792
            ],
            "Compiled": "Yes",
            "end_perf": [
                0.52334094047546387,
                0.26888499999999999,
                0.066966999999999999,
                285072,
                285076,
                14359472841690,
                4294967297,
                0
            ],
            "nRouts": 8,
            "nQuads": 40,
            "nMops": 155
        },
        "...MASTER...": {
            "child_modules": {
                "std": 1,
                "testbench": 1,
                "_vcs_unit__1659876242": 1
            },
            "start_perf": [
                0.4922490119934082,
                0.26162400000000002,
                0.061856000000000001,
                283100,
                284676,
                1553711126.8041551,
                14359360744664
            ],
            "end_perf": [
                0.50740194320678711,
                0.26532699999999998,
                0.063027,
                283112,
                284676,
                14359415466292,
                0,
                0
            ],
            "nRouts": 5,
            "nQuads": 0,
            "nMops": 0
        },
        "psel_single_0000": {
            "Compiled Times": 4,
            "child_modules": {},
            "start_perf": [
                0.53599381446838379,
                0.27585300000000001,
                0.069976999999999998,
                285072,
                285076,
                1553711126.8478999,
                14359518316572
            ],
            "Compiled": "Yes",
            "end_perf": [
                0.54305195808410645,
                0.280891,
                0.071997000000000005,
                285072,
                285076,
                14359543770750,
                30064771073,
                0
            ],
            "nRouts": 37,
            "nQuads": 513,
            "nMops": 3157
        },
        "std": {
            "child_modules": {},
            "Compiled Times": 4,
            "start_perf": [
                0.52346301078796387,
                0.268984,
                0.066991999999999996,
                285072,
                285076,
                1553711126.8353691,
                14359473237028
            ],
            "Compiled": "Yes",
            "end_perf": [
                0.52753281593322754,
                0.27223900000000001,
                0.067806000000000005,
                285072,
                285076,
                14359487907564,
                8589934594,
                0
            ],
            "svclass": [
                "$vcs_nba_dyn_obj",
                0,
                37,
                2,
                2,
                0,
                "sigprop$$",
                0,
                37,
                2,
                2,
                0,
                "process",
                0,
                184,
                8,
                8,
                0,
                "event",
                0,
                36,
                2,
                2,
                0,
                "mailbox",
                0,
                99,
                9,
                9,
                0,
                "semaphore",
                0,
                69,
                5,
                5,
                0
            ],
            "nQuads": 213,
            "nMops": 462,
            "nRouts": 33
        },
        "encoder_0000": {
            "Compiled Times": 4,
            "child_modules": {},
            "start_perf": [
                0.52765393257141113,
                0.27233600000000002,
                0.067830000000000001,
                285072,
                285076,
                1553711126.83956,
                14359488295736
            ],
            "Compiled": "Yes",
            "end_perf": [
                0.53588294982910156,
                0.27576400000000001,
                0.069955000000000003,
                285072,
                285076,
                14359517969310,
                21474836481,
                0
            ],
            "nRouts": 28,
            "nQuads": 305,
            "nMops": 1247
        },
        "testbench": {
            "child_modules": {
                "psel_single_0000": 6,
                "encoder_0000": 6
            },
            "Compiled Times": 4,
            "start_perf": [
                0.54316186904907227,
                0.28097899999999998,
                0.072020000000000001,
                285072,
                285076,
                1553711126.855068,
                14359544120412
            ],
            "Compiled": "Yes",
            "significant_routs": [
                [
                    240,
                    "U_VCSgd_iAVhC_240",
                    23184468,
                    11749,
                    2801
                ],
                [
                    579,
                    "R_VCSgd_iAVhC_243",
                    14434594,
                    7561,
                    1391
                ],
                [
                    582,
                    "R_VCSgd_iAVhC_246",
                    29625824,
                    23200,
                    4792
                ]
            ],
            "end_perf": [
                0.67672300338745117,
                0.41051599999999999,
                0.074823000000000001,
                285072,
                285096,
                14360024897230,
                34359738369,
                0
            ],
            "nQuads": 10473,
            "nMops": 31779,
            "nRouts": 919
        }
    },
    "CompUnits": {
        "zPM8w_d": {
            "mod": "_vcs_unit__1659876242",
            "out": "zPM8w_d.o",
            "bytes": 22790,
            "text": 790,
            "archive": "archive.3/_26640_archive_1.a",
            "mode": 4,
            "checksum": 0
        },
        "iAVhC_d": {
            "mod": "testbench",
            "out": "iAVhC_d.o",
            "bytes": 432670,
            "text": 201752,
            "archive": "archive.3/_26640_archive_1.a",
            "mode": 4,
            "checksum": 0
        }
    },
    "ObjArchives": [
        {
            "archive": "archive.3/_26640_archive_1.a",
            "objects": [
                [
                    "zPM8w_d.o",
                    22790
                ],
                [
                    "iAVhC_d.o",
                    432670
                ],
                [
                    "amcQwB.o",
                    80062
                ]
            ],
            "size": 535522
        }
    ]
}