{
    "PEModules": [],
    "stat": {
        "ru_self_cgstart": {
            "ru_utime_sec": 0.11638999999999999,
            "ru_nivcsw": 168,
            "ru_maxrss_kb": 77648,
            "ru_stime_sec": 0.060201999999999999,
            "ru_minflt": 24964,
            "ru_majflt": 0,
            "ru_nvcsw": 122
        },
        "Frontend(%)": 54.005100258506246,
        "ru_childs_cgstart": {
            "ru_utime_sec": 0.0072859999999999999,
            "ru_nivcsw": 6,
            "ru_maxrss_kb": 26968,
            "ru_stime_sec": 0.012657,
            "ru_minflt": 6348,
            "ru_majflt": 0,
            "ru_nvcsw": 18
        },
        "nMops": 37236,
        "cpu_cycles_cgstart": 45926098542754,
        "mop/quad": 3.9216429699842021,
        "totalObjSize": 349764,
        "ru_self_end": {
            "ru_utime_sec": 0.21967200000000001,
            "ru_nivcsw": 182,
            "ru_maxrss_kb": 88916,
            "ru_stime_sec": 0.081997,
            "ru_minflt": 29361,
            "ru_majflt": 0,
            "ru_nvcsw": 173
        },
        "nQuads": 9495,
        "ru_childs_end": {
            "ru_utime_sec": 0.0093360000000000005,
            "ru_nivcsw": 8,
            "ru_maxrss_kb": 27384,
            "ru_stime_sec": 0.016757000000000001,
            "ru_minflt": 6952,
            "ru_majflt": 0,
            "ru_nvcsw": 20
        },
        "mopSpeed": 353510.80393422692,
        "cpu_cycles_end": 45926718827510,
        "cpu_cycles_total": 1786314040,
        "quadSpeed": 90143.546120836952,
        "outputSizePerQuad": 36.836650868878358,
        "CodeGen(%)": 45.994899741493754,
        "peak_mem_kb": 283288,
        "realTime": 0.50976109504699707
    },
    "CompileStatus": "Successful",
    "SIMBData": {
        "bytes": 68376,
        "out": "amcQwB.o",
        "text": 0,
        "archive": "archive.1/_8696_archive_1.a"
    },
    "cycles_program_begin": 45924932513470,
    "perf": [
        [
            0.15714001655578613,
            0.030391999999999999,
            0.031371999999999997,
            266884,
            267504,
            1553637367.979949,
            45925450016854,
            "doParsingAndDesignResolution",
            "entry"
        ],
        [
            0.20735692977905273,
            0.069762000000000005,
            0.040861000000000001,
            268780,
            269428,
            1553637368.0301659,
            45925630602640,
            "doParsingAndDesignResolution",
            "exit"
        ],
        [
            0.20746302604675293,
            0.069829000000000002,
            0.040899999999999999,
            268780,
            269428,
            1553637368.030272,
            45925630908898,
            "doPostDesignResolutionToVir2Vcs",
            "entry"
        ],
        [
            0.23760795593261719,
            0.080019999999999994,
            0.050382999999999997,
            269792,
            273892,
            1553637368.0604169,
            45925739394544,
            "doUptoVir2VcsNoSepCleanup",
            "entry"
        ],
        [
            0.28608512878417969,
            0.11079700000000001,
            0.053384000000000001,
            282848,
            282868,
            1553637368.1088941,
            45925913935126,
            "doUptoVir2VcsNoSepCleanup",
            "exit"
        ],
        [
            0.28615808486938477,
            0.110847,
            0.053407999999999997,
            282848,
            282868,
            1553637368.1089671,
            45925914145892,
            "doRadify_vir2vcsAll",
            "entry"
        ],
        [
            0.29538702964782715,
            0.114939,
            0.054970999999999999,
            282848,
            282868,
            1553637368.118196,
            45925947414312,
            "doRadify_vir2vcsAll",
            "exit"
        ],
        [
            0.29543900489807129,
            0.11497499999999999,
            0.054988000000000002,
            282848,
            282868,
            1553637368.118248,
            45925947558696,
            "doPostDesignResolutionToVir2Vcs",
            "exit"
        ],
        [
            0.29547691345214844,
            0.115,
            0.055,
            282848,
            282868,
            1553637368.1182859,
            45925947688512,
            "doGAToPass2",
            "entry"
        ],
        [
            0.33723998069763184,
            0.116282,
            0.060145999999999998,
            281292,
            282868,
            1553637368.160049,
            45926098336544,
            "DoPass2",
            "entry"
        ],
        [
            0.49139595031738281,
            0.21684300000000001,
            0.081694000000000003,
            283264,
            283288,
            1553637368.3142049,
            45926653090356,
            "DoPass2",
            "exit"
        ]
    ],
    "MlibObjs": {},
    "PrevCompiledModules": {
        "psel_generic": {
            "IyevZ_d": {
                "out": "IyevZ_d.o",
                "bytes": 9576,
                "mod": "psel_generic",
                "mode": 4,
                "archive": "archive.1/_8696_archive_1.a",
                "checksum": 0
            }
        },
        "psel_single_0000": {
            "fZf2W_d": {
                "out": "fZf2W_d.o",
                "bytes": 31482,
                "mod": "psel_single_0000",
                "mode": 4,
                "archive": "archive.1/_8696_archive_1.a",
                "checksum": 0
            }
        },
        "...MASTER...": {
            "amcQw_d": {
                "out": "objs/amcQw_d.o",
                "bytes": 8292,
                "mod": "...MASTER...",
                "mode": 4,
                "checksum": 0
            }
        },
        "testbench": {
            "iAVhC_d": {
                "out": "iAVhC_d.o",
                "bytes": 94208,
                "mod": "testbench",
                "mode": 4,
                "archive": "archive.1/_8696_archive_1.a",
                "checksum": 0
            }
        },
        "std": {
            "reYIK_d": {
                "out": "reYIK_d.o",
                "bytes": 32908,
                "mod": "std",
                "mode": 4,
                "archive": "archive.1/_prev_archive_1.a",
                "checksum": 0
            }
        },
        "encoder": {
            "PcQ6K_d": {
                "out": "PcQ6K_d.o",
                "bytes": 16186,
                "mod": "encoder",
                "mode": 4,
                "archive": "archive.1/_8696_archive_1.a",
                "checksum": 0
            }
        },
        "CAM": {
            "j4tEJ_d": {
                "out": "j4tEJ_d.o",
                "bytes": 107816,
                "mod": "CAM",
                "mode": 4,
                "archive": "archive.1/_8696_archive_1.a",
                "checksum": 0
            }
        }
    },
    "NameTable": {
        "CAM": [
            "CAM",
            "j4tEJ",
            "module",
            3
        ],
        "_vcs_unit__2471628341": [
            "_vcs_unit__2471628341",
            "H3YjT",
            "module",
            9
        ],
        "testbench": [
            "testbench",
            "iAVhC",
            "module",
            7
        ],
        "...MASTER...": [
            "SIM",
            "amcQw",
            "module",
            8
        ],
        "std": [
            "std",
            "reYIK",
            "module",
            2
        ],
        "encoder": [
            "encoder",
            "PcQ6K",
            "module",
            4
        ],
        "psel_generic": [
            "psel_generic",
            "IyevZ",
            "module",
            5
        ],
        "psel_single_0000": [
            "psel_single_0000",
            "fZf2W",
            "module",
            6
        ]
    },
    "CompileStrategy": "fullobj",