{
    "CompileStrategy": "fullobj",
    "cycles_program_begin": 46442779806816,
    "cpu_cycles_pass2_start": 46443900265828,
    "perf": [
        [
            0.15290594100952148,
            0.030897000000000001,
            0.027907000000000001,
            266884,
            267504,
            1553637511.822032,
            46443282281746,
            "doParsingAndDesignResolution",
            "entry"
        ],
        [
            0.20183992385864258,
            0.067677000000000001,
            0.038384000000000001,
            268780,
            269428,
            1553637511.870966,
            46443458284608,
            "doParsingAndDesignResolution",
            "exit"
        ],
        [
            0.20195102691650391,
            0.067677000000000001,
            0.038495000000000001,
            268780,
            269428,
            1553637511.8710771,
            46443458592372,
            "doPostDesignResolutionToVir2Vcs",
            "entry"
        ],
        [
            0.23119306564331055,
            0.080288999999999999,
            0.045280000000000001,
            269792,
            273892,
            1553637511.9003191,
            46443563826458,
            "doUptoVir2VcsNoSepCleanup",
            "entry"
        ],
        [
            0.27743005752563477,
            0.11186400000000001,
            0.047795999999999998,
            282848,
            282868,
            1553637511.9465561,
            46443730306676,
            "doUptoVir2VcsNoSepCleanup",
            "exit"
        ],
        [
            0.27750492095947266,
            0.111917,
            0.047819,
            282848,
            282868,
            1553637511.946631,
            46443730524200,
            "doRadify_vir2vcsAll",
            "entry"
        ],
        [
            0.28574395179748535,
            0.11462700000000001,
            0.050720000000000001,
            282848,
            282868,
            1553637511.95487,
            46443760228196,
            "doRadify_vir2vcsAll",
            "exit"
        ],
        [
            0.2857968807220459,
            0.114663,
            0.050736000000000003,
            282848,
            282868,
            1553637511.9549229,
            46443760373284,
            "doPostDesignResolutionToVir2Vcs",
            "exit"
        ],
        [
            0.28583502769470215,
            0.11469,
            0.050747,
            282848,
            282868,
            1553637511.9549611,
            46443760502888,
            "doGAToPass2",
            "entry"
        ],
        [
            0.32456302642822266,
            0.116131,
            0.055495999999999997,
            281292,
            282868,
            1553637511.9936891,
            46443900218188,
            "DoPass2",
            "entry"
        ],
        [
            0.43784594535827637,
            0.18199799999999999,
            0.074638999999999997,
            283264,
            283288,
            1553637512.106972,
            46444307812194,
            "DoPass2",
            "exit"
        ]
    ],
    "CompileProcesses": [
        "cgproc.10476.json"
    ],
    "MlibObjs": {},
    "CurCompileUdps": {},
    "rlimit": {
        "data": -1,
        "stack": -1
    },
    "PrevCompiledModules": {
        "CAM": {
            "j4tEJ_d": {
                "checksum": 0,
                "bytes": 107816,
                "out": "j4tEJ_d.o",
                "mod": "CAM",
                "mode": 4,
                "archive": "archive.2/_prev_archive_1.a"
            }
        },
        "psel_single_0000": {
            "fZf2W_d": {
                "checksum": 0,
                "bytes": 31482,
                "out": "fZf2W_d.o",
                "mod": "psel_single_0000",
                "mode": 4,
                "archive": "archive.2/_prev_archive_1.a"
            }
        },
        "encoder": {
            "PcQ6K_d": {
                "checksum": 0,
                "bytes": 16186,
                "out": "PcQ6K_d.o",
                "mod": "encoder",
                "mode": 4,
                "archive": "archive.2/_prev_archive_1.a"
            }
        },
        "std": {
            "reYIK_d": {
                "checksum": 0,
                "bytes": 32908,
                "out": "reYIK_d.o",
                "mod": "std",
                "mode": 4,
                "archive": "archive.2/_prev_archive_1.a"
            }
        },
        "...MASTER...": {
            "amcQw_d": {
                "checksum": 0,
                "bytes": 8292,
                "out": "objs/amcQw_d.o",
                "mod": "...MASTER...",
                "mode": 4
            }
        },
        "testbench": {
            "iAVhC_d": {
                "checksum": 0,
                "bytes": 83368,
                "out": "iAVhC_d.o",
                "mod": "testbench",
                "mode": 4,
                "archive": "archive.2/_10476_archive_1.a"
            }
        },
        "psel_generic": {
            "IyevZ_d": {
                "checksum": 0,
                "bytes": 9576,
                "out": "IyevZ_d.o",
                "mod": "psel_generic",
                "mode": 4,
                "archive": "archive.2/_prev_archive_1.a"
            }
        },
        "_vcs_unit__2471628341": {
            "H3YjT_d": {
                "checksum": 0,
                "bytes": 24668,
                "out": "H3YjT_d.o",
                "mod": "_vcs_unit__2471628341",
                "mode": 4,
                "archive": "archive.2/_prev_archive_1.a"
            }
        }
    },
    "PEModules": [],
    "NameTable": {
        "_vcs_unit__2471628341": [
            "_vcs_unit__2471628341",
            "H3YjT",
            "module",
            9
        ],
        "psel_generic": [
            "psel_generic",
            "IyevZ",
            "module",
            5
        ],
        "std": [
            "std",
            "reYIK",
            "module",
            2
        ],
        "encoder": [
            "encoder",
            "PcQ6K",
            "module",
            4
        ],
        "CAM": [
            "CAM",
            "j4tEJ",
            "module",
            3
        ],
        "psel_single_0000": [
            "psel_single_0000",
            "fZf2W",
            "module",
            6
        ],
        "testbench": [
            "testbench",
            "iAVhC",
            "module",
            7
        ],
        "...MASTER...": [
            "SIM",
            "amcQw",
            "module",
            8
        ]
    },
    "stat": {
        "ru_self_cgstart": {
            "ru_stime_sec": 0.055550000000000002,
            "ru_utime_sec": 0.116244,
            "ru_maxrss_kb": 77648,
            "ru_minflt": 24996,
            "ru_majflt": 0,
            "ru_nvcsw": 120,
            "ru_nivcsw": 174
        },
        "ru_childs_cgstart": {
            "ru_stime_sec": 0.011698,
            "ru_utime_sec": 0.0081419999999999999,
            "ru_maxrss_kb": 26984,
            "ru_minflt": 6348,
            "ru_majflt": 0,
            "ru_nvcsw": 17,
            "ru_nivcsw": 6
        },
        "cpu_cycles_cgstart": 46443900440104,
        "nMops": 22775,
        "cpu_cycles_end": 46444351141396,
        "nQuads": 5975,
        "peak_mem_kb": 283288,
        "totalObjSize": 152000,
        "mopSpeed": 336395.72840199113,
        "Frontend(%)": 64.754358656664365,
        "ru_self_end": {
            "ru_stime_sec": 0.076504000000000003,
            "ru_utime_sec": 0.18291299999999999,
            "ru_maxrss_kb": 88788,
            "ru_minflt": 29299,
            "ru_majflt": 0,
            "ru_nvcsw": 166,
            "ru_nivcsw": 181
        },
        "mop/quad": 3.8117154811715479,
        "ru_childs_end": {
            "ru_stime_sec": 0.016867,
            "ru_utime_sec": 0.0091760000000000001,
            "ru_maxrss_kb": 27396,
            "ru_minflt": 6954,