{
    "stat": {
        "ru_self_end": {
            "ru_stime_sec": 0.16483200000000001,
            "ru_utime_sec": 0.28822300000000001,
            "ru_maxrss_kb": 89544,
            "ru_majflt": 17,
            "ru_minflt": 29570,
            "ru_nvcsw": 199,
            "ru_nivcsw": 17
        },
        "ru_childs_end": {
            "ru_stime_sec": 0.038498999999999999,
            "ru_utime_sec": 0.013644999999999999,
            "ru_maxrss_kb": 26252,
            "ru_majflt": 0,
            "ru_minflt": 6955,
            "ru_nvcsw": 19,
            "ru_nivcsw": 8
        },
        "cpu_cycles_end": 16212379240030227,
        "peak_mem_kb": 283156
    },
    "Modules": {
        "...MASTER...": {
            "start_perf": [
                0.42471981048583984,
                0.15995500000000001,
                0.12575,
                271060,
                283156,
                1553639491.9817419,
                16212378748020554
            ],
            "nMops": 0,
            "child_modules": {
                "std": 1,
                "psel_generic": 1,
                "testbench": 1,
                "CAM": 1,
                "_vcs_unit__2471628341": 1,
                "encoder": 1
            },
            "end_perf": [
                0.44852399826049805,
                0.16295499999999999,
                0.131578,
                275628,
                283156,
                16212378805197348,
                0,
                0
            ],
            "nQuads": 0,
            "nRouts": 5
        },
        "CAM": {
            "start_perf": [
                0.46735095977783203,
                0.171205,
                0.13777400000000001,
                276800,
                283156,
                1553639492.0243731,
                16212378850204010
            ],
            "nMops": 14072,
            "child_modules": {},
            "nRouts": 267,
            "Compiled": "Yes",
            "end_perf": [
                0.5059959888458252,
                0.204707,
                0.14016899999999999,
                277344,
                283156,
                16212378942931083,
                34359738369,
                0
            ],
            "Compiled Times": 5,
            "nQuads": 3768
        },
        "_vcs_unit__2471628341": {
            "start_perf": [
                0.44879984855651855,
                0.163108,
                0.13170200000000001,
                275628,
                283156,
                1553639492.0058219,
                16212378805736534
            ],
            "nMops": 85,
            "child_modules": {},
            "nRouts": 6,
            "Compiled": "Yes",
            "end_perf": [
                0.45923399925231934,
                0.166132,
                0.13472899999999999,
                276608,
                283156,
                16212378830811111,
                4294967297,
                0
            ],
            "Compiled Times": 4,
            "nQuads": 24
        },
        "std": {
            "start_perf": [
                0.45937991142272949,
                0.166213,
                0.134795,
                276608,
                283156,
                1553639492.016402,
                16212378831162676
            ],
            "nMops": 595,
            "child_modules": {},
            "Compiled": "Yes",
            "end_perf": [
                0.46722197532653809,
                0.17113200000000001,
                0.13771600000000001,
                276800,
                283156,
                16212378849915790,
                8589934594,
                0
            ],
            "Compiled Times": 5,
            "svclass": [
                "$vcs_nba_dyn_obj",
                385,
                37,
                2,
                2,
                0,
                "sigprop$$",
                385,
                37,
                2,
                2,
                0,
                "process",
                1645,
                184,
                8,
                8,
                0,
                "event",
                462,
                36,
                2,
                2,
                0,
                "mailbox",
                848,
                99,
                9,
                9,
                0,
                "semaphore",
                656,
                68,
                5,
                5,
                0
            ],
            "nQuads": 305,
            "nRouts": 33
        },
        "encoder": {
            "start_perf": [
                0.50614786148071289,
                0.20479700000000001,
                0.14022999999999999,
                277344,
                283156,
                1553639492.06317,
                16212378943247292
            ],
            "nMops": 1658,
            "child_modules": {},
            "nRouts": 31,
            "Compiled": "Yes",
            "end_perf": [
                0.51565694808959961,
                0.213119,
                0.141406,
                277344,
                283156,
                16212378966092832,
                38654705665,
                0
            ],
            "Compiled Times": 5,
            "nQuads": 446
        },
        "testbench": {
            "start_perf": [
                0.53498101234436035,
                0.23103899999999999,
                0.14279,
                277344,
                283156,
                1553639492.0920031,
                16212379012336118
            ],
            "significant_routs": [
                [
                    86,
                    "R_VCSgd_iAVhC_56",
                    11469642,
                    6809,
                    1093
                ],
                [
                    88,
                    "R_VCSgd_iAVhC_58",
                    11003828,
                    6115,
                    1228
                ],
                [
                    89,
                    "R_VCSgd_iAVhC_59",
                    14998578,
                    8507,
                    1540
                ],
                [
                    95,
                    "R_VCSgd_iAVhC_5f",
                    6548334,
                    4150,
                    680
                ]
            ],
            "nMops": 9351,
            "child_modules": {},
            "Compiled": "Yes",
            "end_perf": [
                0.60045886039733887,
                0.28681200000000001,
                0.15249499999999999,
                280360,
                283156,
                16212379169334028,
                51539607553,
                0
            ],
            "Compiled Times": 5,
            "nQuads": 2903,
            "nRouts": 132
        },
        "psel_generic": {
            "start_perf": [
                0.5158078670501709,
                0.21321100000000001,
                0.14146700000000001,
                277344,
                283156,
                1553639492.07283,
                16212378966367446
            ],
            "nMops": 592,
            "child_modules": {
                "psel_single_0000": 3
            },
            "nRouts": 12,
            "Compiled": "Yes",
            "end_perf": [
                0.51993799209594727,
                0.217305,
                0.14150099999999999,
                277344,
                283156,
                16212378976329866,
                42949672961,
                0
            ],
            "Compiled Times": 5,
            "nQuads": 100
        },
        "psel_single_0000": {
            "start_perf": [
                0.52007889747619629,
                0.217305,
                0.14164299999999999,
                277344,
                283156,
                1553639492.077101,
                16212378976606950
            ],
            "nMops": 7106,
            "child_modules": {},