{
    "Modules": {
        "_vcs_unit__1224910275": {
            "start_perf": [
                0.50936293601989746,
                0.132406,
                0.060092,
                275052,
                282800,
                1553625934.2584479,
                4763995485688
            ],
            "Compiled Times": 1,
            "child_modules": {},
            "nQuads": 12,
            "Compiled": "Yes",
            "significant_routs": [
                [
                    1,
                    "R_VCSgd_k9xHj_1",
                    15544036,
                    339,
                    43
                ]
            ],
            "nMops": 43,
            "end_perf": [
                0.52753901481628418,
                0.13678899999999999,
                0.062268999999999998,
                276032,
                282800,
                4764060986068,
                4294967297,
                0
            ],
            "nRouts": 6
        },
        "...MASTER...": {
            "child_modules": {
                "psel_generic": 1,
                "encoder": 1,
                "std": 1,
                "testbench": 1,
                "CAM": 1,
                "_vcs_unit__1224910275": 1
            },
            "start_perf": [
                0.49211716651916504,
                0.12993499999999999,
                0.055080999999999998,
                270608,
                282800,
                1553625934.2412021,
                4763933398186
            ],
            "end_perf": [
                0.50914406776428223,
                0.13226299999999999,
                0.060026999999999997,
                275052,
                282800,
                4763994741686,
                0,
                0
            ],
            "nQuads": 0,
            "nMops": 0,
            "nRouts": 5
        },
        "psel_generic": {
            "Compiled Times": 1,
            "child_modules": {
                "psel_single_0000": 3
            },
            "start_perf": [
                0.60389900207519531,
                0.19803100000000001,
                0.068041000000000004,
                277008,
                282800,
                1553625934.352984,
                4764335638158
            ],
            "nQuads": 50,
            "Compiled": "Yes",
            "end_perf": [
                0.60626316070556641,
                0.19955200000000001,
                0.068879999999999997,
                277008,
                282800,
                4764344128116,
                38654705665,
                0
            ],
            "nMops": 296,
            "nRouts": 12
        },
        "encoder": {
            "Compiled Times": 1,
            "child_modules": {},
            "start_perf": [
                0.59763407707214355,
                0.19181500000000001,
                0.067998000000000003,
                277008,
                282800,
                1553625934.346719,
                4764313078724
            ],
            "nQuads": 270,
            "Compiled": "Yes",
            "end_perf": [
                0.60384202003479004,
                0.197989,
                0.068027000000000004,
                277008,
                282800,
                4764335437110,
                34359738369,
                0
            ],
            "nMops": 1000,
            "nRouts": 31
        },
        "std": {
            "start_perf": [
                0.52767515182495117,
                0.13688400000000001,
                0.062313,
                276032,
                282800,
                1553625934.2767601,
                4764061393752
            ],
            "Compiled Times": 1,
            "child_modules": {},
            "nQuads": 213,
            "Compiled": "Yes",
            "end_perf": [
                0.53920698165893555,
                0.146593,
                0.064133999999999997,
                276352,
                282800,
                4764102973168,
                8589934594,
                0
            ],
            "svclass": [
                "$vcs_nba_dyn_obj",
                385,
                37,
                2,
                2,
                0,
                "sigprop$$",
                385,
                37,
                2,
                2,
                0,
                "process",
                1645,
                184,
                8,
                8,
                0,
                "event",
                462,
                36,
                2,
                2,
                0,
                "mailbox",
                848,
                99,
                9,
                9,
                0,
                "semaphore",
                656,
                69,
                5,
                5,
                0
            ],
            "nMops": 462,
            "nRouts": 33
        },
        "CAM": {
            "start_perf": [
                0.53934597969055176,
                0.14669099999999999,
                0.064176999999999998,
                276352,
                282800,
                1553625934.2884309,
                4764103411456
            ],
            "Compiled Times": 1,
            "child_modules": {},
            "nQuads": 2543,
            "Compiled": "Yes",
            "significant_routs": [
                [
                    34,
                    "R_VCSgd_j4tEJ_22",
                    12472508,
                    4285,
                    611
                ],
                [
                    68,
                    "R_VCSgd_j4tEJ_44",
                    11492314,
                    4285,
                    611
                ],
                [
                    134,
                    "R_VCSgd_j4tEJ_86",
                    11261310,
                    4285,
                    611
                ]
            ],
            "nMops": 9615,
            "end_perf": [
                0.59756112098693848,
                0.19176099999999999,
                0.067978999999999998,
                277008,
                282800,
                4764312872056,
                30064771073,
                0
            ],
            "nRouts": 267
        },
        "psel_single_0000": {
            "Compiled Times": 1,
            "child_modules": {},
            "start_perf": [
                0.60631203651428223,
                0.19958799999999999,
                0.068892999999999996,
                277008,
                282800,
                1553625934.355397,
                4764344283770
            ],
            "nQuads": 659,
            "Compiled": "Yes",
            "end_perf": [
                0.61422014236450195,
                0.20652899999999999,
                0.069855,
                277008,
                282800,
                4764372889892,
                42949672961,
                0
            ],
            "nMops": 3553,
            "nRouts": 38
        },
        "testbench": {
            "start_perf": [
                0.61431503295898438,
                0.20660100000000001,
                0.069878999999999997,
                277008,
                282800,
                1553625934.3634,
                4764373089518
            ],
            "Compiled Times": 1,
            "child_modules": {},
            "nQuads": 2077,
            "Compiled": "Yes",
            "significant_routs": [
                [
                    62,
                    "R_VCSgd_iAVhC_3e",
                    11347302,
                    6409,
                    1172
                ],
                [
                    63,
                    "R_VCSgd_iAVhC_3f",
                    13664564,
                    8279,
                    1387
                ]
            ],
            "nMops": 7059,