{
    "Modules": {
        "testbench": {
            "start_perf": [
                0.38327598571777344,
                0.14677999999999999,
                0.069796999999999998,
                281308,
                282868,
                1553637512.052402,
                46444111316164
            ],
            "Compiled": "Yes",
            "child_modules": {},
            "Compiled Times": 3,
            "nQuads": 2228,
            "significant_routs": [
                [
                    33,
                    "R_VCSgd_iAVhC_21",
                    11514188,
                    6809,
                    1083
                ],
                [
                    35,
                    "R_VCSgd_iAVhC_23",
                    11302818,
                    6115,
                    1228
                ],
                [
                    36,
                    "R_VCSgd_iAVhC_24",
                    14715406,
                    8507,
                    1540
                ],
                [
                    42,
                    "R_VCSgd_iAVhC_2a",
                    6938056,
                    4150,
                    680
                ]
            ],
            "nRouts": 70,
            "end_perf": [
                0.42677998542785645,
                0.181334,
                0.072737999999999997,
                283264,
                283268,
                46444268014240,
                51539607553,
                0
            ],
            "nMops": 7806
        },
        "...MASTER...": {
            "start_perf": [
                0.32481098175048828,
                0.1163,
                0.055577000000000001,
                281292,
                282868,
                1553637511.993937,
                46443901089988
            ],
            "child_modules": {
                "encoder": 1,
                "std": 1,
                "testbench": 1,
                "psel_generic": 1,
                "_vcs_unit__2471628341": 1,
                "CAM": 1
            },
            "nRouts": 5,
            "end_perf": [
                0.34319686889648438,
                0.117218,
                0.061692999999999998,
                281304,
                282868,
                46443967278754,
                0,
                0
            ],
            "nQuads": 0,
            "nMops": 0
        },
        "psel_generic": {
            "Compiled": "Yes",
            "start_perf": [
                0.37738490104675293,
                0.14285600000000001,
                0.067831000000000002,
                281308,
                282868,
                1553637512.0465109,
                46444090155934
            ],
            "child_modules": {
                "psel_single_0000": 3
            },
            "Compiled Times": 3,
            "nRouts": 12,
            "end_perf": [
                0.3788459300994873,
                0.144178,
                0.067970000000000003,
                281308,
                282868,
                46444095434194,
                42949672961,
                0
            ],
            "nQuads": 50,
            "nMops": 296
        },
        "_vcs_unit__2471628341": {
            "Compiled": "Yes",
            "start_perf": [
                0.34343194961547852,
                0.117364,
                0.061769999999999999,
                281304,
                282868,
                1553637512.012558,
                46443968083362
            ],
            "child_modules": {},
            "Compiled Times": 2,
            "nRouts": 6,
            "end_perf": [
                0.34783291816711426,
                0.119223,
                0.063722000000000001,
                281308,
                282868,
                46443983986168,
                4294967297,
                0
            ],
            "nQuads": 12,
            "nMops": 43
        },
        "encoder": {
            "Compiled": "Yes",
            "start_perf": [
                0.37433099746704102,
                0.14082,
                0.066811999999999996,
                281308,
                282868,
                1553637512.043457,
                46444079158704
            ],
            "child_modules": {},
            "Compiled Times": 3,
            "nRouts": 31,
            "end_perf": [
                0.37731194496154785,
                0.14280699999999999,
                0.067807000000000006,
                281308,
                282868,
                46444089924946,
                38654705665,
                0
            ],
            "nQuads": 270,
            "nMops": 1000
        },
        "std": {
            "start_perf": [
                0.34796500205993652,
                0.119223,
                0.063854999999999995,
                281308,
                282868,
                1553637512.017091,
                46443984386638
            ],
            "Compiled": "Yes",
            "child_modules": {},
            "Compiled Times": 3,
            "svclass": [
                "$vcs_nba_dyn_obj",
                0,
                37,
                2,
                2,
                0,
                "sigprop$$",
                0,
                37,
                2,
                2,
                0,
                "process",
                0,
                184,
                8,
                8,
                0,
                "event",
                0,
                36,
                2,
                2,
                0,
                "mailbox",
                0,
                99,
                9,
                9,
                0,
                "semaphore",
                0,
                69,
                5,
                5,
                0
            ],
            "nRouts": 33,
            "end_perf": [
                0.35243892669677734,
                0.121959,
                0.065590999999999997,
                281308,
                282868,
                46444000540886,
                8589934594,
                0
            ],
            "nQuads": 213,
            "nMops": 462
        },
        "psel_single_0000": {
            "Compiled": "Yes",
            "start_perf": [
                0.37891197204589844,
                0.144178,
                0.068035999999999999,
                281308,
                282868,
                1553637512.048038,
                46444095626988
            ],
            "child_modules": {},
            "Compiled Times": 3,
            "nRouts": 38,
            "end_perf": [
                0.38322091102600098,
                0.14674300000000001,
                0.069779999999999995,
                281308,
                282868,
                46444111140758,
                47244640257,
                0
            ],
            "nQuads": 659,
            "nMops": 3553
        },
        "CAM": {
            "Compiled": "Yes",
            "start_perf": [
                0.35257291793823242,
                0.122047,
                0.065638000000000002,
                281308,
                282868,
                1553637512.021699,
                46444000976386
            ],
            "child_modules": {},
            "Compiled Times": 3,
            "nRouts": 267,
            "end_perf": [
                0.37424802780151367,
                0.140764,
                0.066785999999999998,
                281308,
                282868,
                46444078928404,
                34359738369,
                0
            ],
            "nQuads": 2543,
            "nMops": 9615
        }
    },
    "CompUnits": {
        "iAVhC_d": {
            "out": "iAVhC_d.o",
            "mod": "testbench",
            "checksum": 0,
            "bytes": 83838,
            "text": 47347,
            "mode": 4,
            "archive": "archive.2/_10476_archive_1.a"
        }
    },