{
    "ObjArchives": [
        {
            "archive": "archive.3/_30959_archive_1.a",
            "objects": [
                [
                    "H3YjT_d.o",
                    24668
                ],
                [
                    "reYIK_d.o",
                    32908
                ],
                [
                    "j4tEJ_d.o",
                    107816
                ],
                [
                    "PcQ6K_d.o",
                    16186
                ],
                [
                    "IyevZ_d.o",
                    9576
                ],
                [
                    "fZf2W_d.o",
                    31482
                ],
                [
                    "iAVhC_d.o",
                    83838
                ],
                [
                    "amcQwB.o",
                    69302
                ]
            ],
            "size": 375776
        }
    ],
    "Modules": {
        "...MASTER...": {
            "nMops": 0,
            "nQuads": 0,
            "start_perf": [
                0.42190098762512207,
                0.14990500000000001,
                0.125807,
                270648,
                282860,
                1553638005.962719,
                16208816425963144
            ],
            "nRouts": 5,
            "child_modules": {
                "std": 1,
                "encoder": 1,
                "testbench": 1,
                "psel_generic": 1,
                "_vcs_unit__2471628341": 1,
                "CAM": 1
            },
            "end_perf": [
                0.44762611389160156,
                0.14990500000000001,
                0.13664699999999999,
                275212,
                282860,
                16208816487782170,
                0,
                0
            ]
        },
        "psel_single_0000": {
            "nMops": 7106,
            "nQuads": 1318,
            "Compiled Times": 4,
            "Compiled": "Yes",
            "start_perf": [
                0.54566001892089844,
                0.20454600000000001,
                0.15316199999999999,
                277244,
                282860,
                1553638006.086478,
                16208816722628982
            ],
            "nRouts": 38,
            "child_modules": {},
            "end_perf": [
                0.55995297431945801,
                0.21765399999999999,
                0.154336,
                277244,
                282860,
                16208816756912838,
                47244640257,
                0
            ]
        },
        "psel_generic": {
            "nMops": 592,
            "nQuads": 100,
            "Compiled Times": 4,
            "Compiled": "Yes",
            "start_perf": [
                0.54134011268615723,
                0.201377,
                0.15201999999999999,
                277244,
                282860,
                1553638006.0821581,
                16208816712272616
            ],
            "nRouts": 12,
            "child_modules": {
                "psel_single_0000": 3
            },
            "end_perf": [
                0.54553699493408203,
                0.20447499999999999,
                0.153109,
                277244,
                282860,
                16208816722351918,
                42949672961,
                0
            ]
        },
        "_vcs_unit__2471628341": {
            "start_perf": [
                0.44793510437011719,
                0.14990500000000001,
                0.13695599999999999,
                275212,
                282860,
                1553638005.9887531,
                16208816488387752
            ],
            "Compiled": "Yes",
            "Compiled Times": 3,
            "nQuads": 24,
            "nMops": 85,
            "nRouts": 6,
            "child_modules": {},
            "significant_routs": [
                [
                    1,
                    "R_VCSgd_H3YjT_1",
                    6030543,
                    339,
                    42
                ]
            ],
            "end_perf": [
                0.48104405403137207,
                0.15177199999999999,
                0.142902,
                276196,
                282860,
                16208816567920848,
                4294967297,
                0
            ]
        },
        "std": {
            "start_perf": [
                0.48125410079956055,
                0.15177199999999999,
                0.14311399999999999,
                276196,
                282860,
                1553638006.0220721,
                16208816568289677
            ],
            "Compiled": "Yes",
            "Compiled Times": 4,
            "nQuads": 426,
            "nMops": 923,
            "nRouts": 33,
            "child_modules": {},
            "end_perf": [
                0.49161696434020996,
                0.15853200000000001,
                0.14671600000000001,
                276548,
                282860,
                16208816593172820,
                8589934594,
                0
            ],
            "svclass": [
                "$vcs_nba_dyn_obj",
                385,
                37,
                2,
                2,
                0,
                "sigprop$$",
                385,
                37,
                2,
                2,
                0,
                "process",
                1645,
                184,
                8,
                8,
                0,
                "event",
                462,
                36,
                2,
                2,
                0,
                "mailbox",
                848,
                99,
                9,
                9,
                0,
                "semaphore",
                656,
                68,
                5,
                5,
                0
            ]
        },
        "CAM": {
            "start_perf": [
                0.49178004264831543,
                0.15861700000000001,
                0.14679500000000001,
                276548,
                282860,
                1553638006.032598,
                16208816593540890
            ],
            "Compiled": "Yes",
            "Compiled Times": 4,
            "nQuads": 5086,
            "nMops": 19230,
            "nRouts": 267,
            "child_modules": {},
            "significant_routs": [
                [
                    34,
                    "R_VCSgd_j4tEJ_22",
                    4912196,
                    4285,
                    611
                ]
            ],
            "end_perf": [
                0.53210806846618652,
                0.19384599999999999,
                0.15032999999999999,
                277244,
                282860,
                16208816690231470,
                34359738369,
                0
            ]
        },
        "testbench": {
            "start_perf": [
                0.56007504463195801,
                0.217727,
                0.154388,
                277244,
                282860,
                1553638006.100893,
                16208816757325197
            ],
            "Compiled": "Yes",
            "Compiled Times": 4,
            "nQuads": 4456,
            "nMops": 15612,
            "nRouts": 70,
            "child_modules": {},