{
    "reusePaths": {
        "reYIK_d": {
            "icPath": "csrc"
        }
    },
    "Modules": {
        "testbench": {
            "start_perf": [
                0.44377493858337402,
                0.18031700000000001,
                0.079580999999999999,
                283264,
                283288,
                1553637368.2665839,
                45926481570056
            ],
            "end_perf": [
                0.47978305816650391,
                0.21538299999999999,
                0.080517000000000005,
                283264,
                283288,
                45926611302750,
                51539607553,
                0
            ],
            "child_modules": {},
            "Compiled": "Yes",
            "Compiled Times": 2,
            "significant_routs": [
                [
                    33,
                    "R_VCSgd_iAVhC_21",
                    11234082,
                    6809,
                    1083
                ],
                [
                    35,
                    "R_VCSgd_iAVhC_23",
                    11394962,
                    6115,
                    1228
                ],
                [
                    36,
                    "R_VCSgd_iAVhC_24",
                    15427330,
                    8507,
                    1540
                ],
                [
                    42,
                    "R_VCSgd_iAVhC_2a",
                    6868222,
                    4150,
                    680
                ]
            ],
            "nQuads": 2226,
            "nMops": 7803,
            "nRouts": 70
        },
        "std": {
            "start_perf": [
                0.37415504455566406,
                0.121697,
                0.070989999999999998,
                283264,
                283268,
                1553637368.196964,
                45926231183876
            ],
            "end_perf": [
                0.37878894805908203,
                0.12345200000000001,
                0.073869000000000004,
                283264,
                283268,
                45926247881578,
                8589934594,
                0
            ],
            "child_modules": {},
            "nRouts": 33,
            "svclass": [
                "$vcs_nba_dyn_obj",
                0,
                37,
                2,
                2,
                0,
                "sigprop$$",
                0,
                37,
                2,
                2,
                0,
                "process",
                0,
                184,
                8,
                8,
                0,
                "event",
                0,
                36,
                2,
                2,
                0,
                "mailbox",
                0,
                99,
                9,
                9,
                0,
                "semaphore",
                0,
                69,
                5,
                5,
                0
            ],
            "Compiled": "Yes",
            "Compiled Times": 2,
            "nQuads": 213,
            "nMops": 462
        },
        "...MASTER...": {
            "start_perf": [
                0.33749008178710938,
                0.116448,
                0.060231,
                281292,
                282868,
                1553637368.1602991,
                45926099168360
            ],
            "end_perf": [
                0.36032700538635254,
                0.11909699999999999,
                0.066613000000000006,
                282284,
                282868,
                45926181432928,
                0,
                0
            ],
            "child_modules": {
                "testbench": 1,
                "std": 1,
                "CAM": 1,
                "_vcs_unit__2471628341": 1,
                "encoder": 1,
                "psel_generic": 1
            },
            "nQuads": 0,
            "nMops": 0,
            "nRouts": 5
        },
        "CAM": {
            "start_perf": [
                0.37892413139343262,
                0.12353699999999999,
                0.073918999999999999,
                283264,
                283268,
                1553637368.2017331,
                45926248316060
            ],
            "end_perf": [
                0.42600393295288086,
                0.16445399999999999,
                0.077687000000000006,
                283264,
                283288,
                45926417655160,
                34359738369,
                0
            ],
            "child_modules": {},
            "Compiled": "Yes",
            "Compiled Times": 2,
            "significant_routs": [
                [
                    34,
                    "R_VCSgd_j4tEJ_22",
                    8057088,
                    4285,
                    611
                ],
                [
                    68,
                    "R_VCSgd_j4tEJ_44",
                    6858354,
                    4285,
                    611
                ],
                [
                    134,
                    "R_VCSgd_j4tEJ_86",
                    6114702,
                    4285,
                    611
                ]
            ],
            "nQuads": 5086,
            "nMops": 19230,
            "nRouts": 267
        },
        "_vcs_unit__2471628341": {
            "start_perf": [
                0.36056113243103027,
                0.11924,
                0.066693000000000002,
                282284,
                282868,
                1553637368.1833701,
                45926182229400
            ],
            "end_perf": [
                0.37402105331420898,
                0.121612,
                0.070940000000000003,
                283264,
                283268,
                45926230733076,
                4294967297,
                0
            ],
            "child_modules": {},
            "nRouts": 6,
            "Compiled": "Yes",
            "Compiled Times": 1,
            "nQuads": 12,
            "nMops": 43
        },
        "encoder": {
            "start_perf": [
                0.42606496810913086,
                0.164495,
                0.077705999999999997,
                283264,
                283288,
                1553637368.2488739,
                45926417821412
            ],
            "end_perf": [
                0.43195295333862305,
                0.170378,
                0.077705999999999997,
                283264,
                283288,
                45926439079792,
                38654705665,
                0
            ],
            "child_modules": {},
            "nRouts": 31,
            "Compiled": "Yes",
            "Compiled Times": 2,
            "nQuads": 540,
            "nMops": 2000
        },
        "psel_single_0000": {
            "start_perf": [
                0.43449807167053223,
                0.17211699999999999,
                0.078508999999999995,
                283264,
                283288,
                1553637368.2573071,
                45926448171944
            ],
            "end_perf": [
                0.44370913505554199,
                0.18027099999999999,
                0.079561000000000007,
                283264,
                283288,
                45926481409514,
                47244640257,
                0
            ],
            "child_modules": {},
            "nRouts": 38,
            "Compiled": "Yes",
            "Compiled Times": 2,
            "nQuads": 1318,
            "nMops": 7106
        },
        "psel_generic": {
            "start_perf": [
                0.43201708793640137,
                0.17044200000000001,
                0.077705999999999997,
                283264,
                283288,
                1553637368.2548261,
                45926439236920
            ],