{
    "Modules": {
        "psel_single_0000": {
            "Compiled Times": 3,
            "start_perf": [
                0.39507508277893066,
                0.150148,
                0.066271999999999998,
                276136,
                282752,
                1554069220.8443861,
                51423480938510
            ],
            "child_modules": {},
            "Compiled": "Yes",
            "nQuads": 659,
            "end_perf": [
                0.40350890159606934,
                0.15773200000000001,
                0.06701,
                276136,
                282752,
                51423511282330,
                34359738369,
                0
            ],
            "nMops": 3553,
            "nRouts": 38
        },
        "...MASTER...": {
            "start_perf": [
                0.33037590980529785,
                0.118204,
                0.051334999999999999,
                270516,
                282752,
                1554069220.7796869,
                51423247851244
            ],
            "child_modules": {
                "_vcs_unit__1153512815": 1,
                "CAM": 1,
                "std": 1,
                "encoder": 1,
                "testbench": 1,
                "psel_generic": 1
            },
            "nQuads": 2,
            "end_perf": [
                0.34314990043640137,
                0.11834600000000001,
                0.055571000000000002,
                271936,
                282752,
                51423293944548,
                0,
                0
            ],
            "nMops": 0,
            "nRouts": 6
        },
        "_vcs_unit__1153512815": {
            "Compiled Times": 3,
            "start_perf": [
                0.34330487251281738,
                0.11834600000000001,
                0.055717999999999997,
                271936,
                282752,
                1554069220.7926159,
                51423294457606
            ],
            "child_modules": {},
            "Compiled": "Yes",
            "nQuads": 24,
            "end_perf": [
                0.35550189018249512,
                0.12028,
                0.059103000000000003,
                276136,
                282752,
                51423338434720,
                4294967297,
                0
            ],
            "nMops": 85,
            "nRouts": 6
        },
        "CAM": {
            "Compiled Times": 3,
            "start_perf": [
                0.35944890975952148,
                0.12222,
                0.061109999999999998,
                276136,
                282752,
                1554069220.8087599,
                51423352633552
            ],
            "child_modules": {},
            "Compiled": "Yes",
            "nQuads": 2578,
            "end_perf": [
                0.3863680362701416,
                0.14377899999999999,
                0.064130999999999994,
                276136,
                282752,
                51423449954052,
                21474836481,
                0
            ],
            "nMops": 9937,
            "nRouts": 237
        },
        "std": {
            "Compiled Times": 3,
            "svclass": [
                "$vcs_nba_dyn_obj",
                0,
                37,
                2,
                2,
                0,
                "sigprop$$",
                0,
                37,
                2,
                2,
                0,
                "process",
                0,
                184,
                8,
                8,
                0,
                "event",
                0,
                36,
                2,
                2,
                0,
                "mailbox",
                0,
                99,
                9,
                9,
                0,
                "semaphore",
                0,
                69,
                5,
                5,
                0
            ],
            "start_perf": [
                0.35559892654418945,
                0.12034499999999999,
                0.059135,
                276136,
                282752,
                1554069220.8049099,
                51423338734790
            ],
            "child_modules": {},
            "Compiled": "Yes",
            "nQuads": 213,
            "end_perf": [
                0.35933709144592285,
                0.122145,
                0.061072000000000001,
                276136,
                282752,
                51423352266942,
                8589934594,
                0
            ],
            "nMops": 462,
            "nRouts": 33
        },
        "testbench": {
            "Compiled Times": 3,
            "start_perf": [
                0.40360903739929199,
                0.157802,
                0.067040000000000002,
                276136,
                282752,
                1554069220.8529201,
                51423511597628
            ],
            "child_modules": {},
            "significant_routs": [
                [
                    97,
                    "R_VCSgd_iAVhC_61",
                    10727744,
                    6405,
                    1159
                ]
            ],
            "Compiled": "Yes",
            "nQuads": 975,
            "end_perf": [
                0.4310920238494873,
                0.18226800000000001,
                0.070024000000000003,
                279328,
                282752,
                51423610448490,
                38654705665,
                0
            ],
            "nMops": 2822,
            "nRouts": 112
        },
        "encoder": {
            "Compiled Times": 3,
            "start_perf": [
                0.38657903671264648,
                0.14389199999999999,
                0.064182000000000003,
                276136,
                282752,
                1554069220.8358901,
                51423450373910
            ],
            "child_modules": {},
            "Compiled": "Yes",
            "nQuads": 270,
            "end_perf": [
                0.39205408096313477,
                0.14813599999999999,
                0.065262000000000001,
                276136,
                282752,
                51423470137310,
                25769803777,
                0
            ],
            "nMops": 1000,
            "nRouts": 31
        },
        "psel_generic": {
            "Compiled Times": 3,
            "start_perf": [
                0.39218997955322266,
                0.14827299999999999,
                0.065262000000000001,
                276136,
                282752,
                1554069220.841501,
                51423470556948
            ],
            "child_modules": {
                "psel_single_0000": 3
            },
            "Compiled": "Yes",
            "nQuads": 50,
            "end_perf": [
                0.39495301246643066,
                0.150063,
                0.066234000000000001,
                276136,
                282752,
                51423480556226,
                30064771073,
                0
            ],
            "nMops": 296,
            "nRouts": 12
        }
    },
    "CompUnits": {
        "iAVhC_d": {
            "bytes": 52422,
            "mod": "testbench",
            "out": "iAVhC_d.o",
            "checksum": 0,
            "text": 20056,
            "mode": 4,
            "archive": "archive.2/_4396_archive_1.a"
        },
        "sAkgi_d": {
            "bytes": 22284,
            "mod": "_vcs_unit__1153512815",
            "out": "sAkgi_d.o",
            "checksum": 0,
            "text": 553,
            "mode": 4,
            "archive": "archive.2/_4396_archive_1.a"
        }
    },
    "reusePaths": {
        "fZf2W_d": {
            "icPath": "csrc"
        },
        "amcQw_d": {
            "icPath": "csrc"
        },
        "PcQ6K_d": {
            "icPath": "csrc"
        },