{
    "CompileProcesses": [
        "cgproc.9268.json"
    ],
    "CompileStrategy": "fullobj",
    "incremental": "on",
    "CurCompileUdps": {},
    "CurCompileModules": [
        "...MASTER...",
        "...MASTER...",
        "_vcs_unit__3370883494",
        "_vcs_unit__3370883494",
        "std",
        "std",
        "CAM",
        "CAM",
        "encoder",
        "encoder",
        "psel_generic",
        "psel_generic",
        "psel_single_0000",
        "psel_single_0000",
        "testbench",
        "testbench"
    ],
    "cycles_program_begin": 1017238515738,
    "cpu_cycles_pass2_start": 1019770343204,
    "LVLData": [
        "SIM"
    ],
    "stat": {
        "ru_self_cgstart": {
            "ru_utime_sec": 0.18015999999999999,
            "ru_minflt": 25194,
            "ru_stime_sec": 0.10112400000000001,
            "ru_majflt": 255,
            "ru_maxrss_kb": 77296,
            "ru_nvcsw": 410,
            "ru_nivcsw": 77
        },
        "cpu_cycles_cgstart": 1019772100126,
        "mop/quad": 3.5159914712153517,
        "Frontend(%)": 62.93858386974631,
        "ru_childs_cgstart": {
            "ru_utime_sec": 0.027616000000000002,
            "ru_minflt": 6229,
            "ru_stime_sec": 0.027886000000000001,
            "ru_majflt": 119,
            "ru_maxrss_kb": 25456,
            "ru_nvcsw": 168,
            "ru_nivcsw": 6
        },
        "nMops": 19788,
        "nQuads": 5628,
        "ru_childs_end": {
            "ru_utime_sec": 0.027616000000000002,
            "ru_minflt": 6229,
            "ru_stime_sec": 0.027886000000000001,
            "ru_majflt": 119,
            "ru_maxrss_kb": 25456,
            "ru_nvcsw": 168,
            "ru_nivcsw": 6
        },
        "totalObjSize": 420630,
        "quadSpeed": 45999.558639629249,
        "ru_self_end": {
            "ru_utime_sec": 0.30250899999999997,
            "ru_minflt": 28845,
            "ru_stime_sec": 0.136324,
            "ru_majflt": 299,
            "ru_maxrss_kb": 87384,
            "ru_nvcsw": 516,
            "ru_nivcsw": 92
        },
        "cpu_cycles_end": 1020797757868,
        "cpu_cycles_total": 3559242130,
        "peak_mem_kb": 282940,
        "mopSpeed": 161734.05585660689,
        "outputSizePerQuad": 74.738805970149258,
        "CodeGen(%)": 37.061416130253697,
        "realTime": 1.0020689964294434
    },
    "rlimit": {
        "data": -1,
        "stack": -1
    },
    "perf": [
        [
            0.15336203575134277,
            0.033116,
            0.025087999999999999,
            266884,
            267504,
            1553624893.6343851,
            1017743299200,
            "doParsingAndDesignResolution",
            "entry"
        ],
        [
            0.27174901962280273,
            0.071745000000000003,
            0.054054999999999999,
            268732,
            269380,
            1553624893.7527721,
            1018169767436,
            "doParsingAndDesignResolution",
            "exit"
        ],
        [
            0.27200603485107422,
            0.071951000000000001,
            0.054054999999999999,
            268732,
            269380,
            1553624893.7530291,
            1018170334576,
            "doPostDesignResolutionToVir2Vcs",
            "entry"
        ],
        [
            0.34597301483154297,
            0.098019999999999996,
            0.066336000000000006,
            269684,
            273784,
            1553624893.8269961,
            1018436701212,
            "doUptoVir2VcsNoSepCleanup",
            "entry"
        ],
        [
            0.52758097648620605,
            0.17199700000000001,
            0.088022000000000003,
            270196,
            282940,
            1553624894.008604,
            1019090468696,
            "doUptoVir2VcsNoSepCleanup",
            "exit"
        ],
        [
            0.52775001525878906,
            0.17211000000000001,
            0.088079000000000005,
            270196,
            282940,
            1553624894.0087731,
            1019090993054,
            "doRadify_vir2vcsAll",
            "entry"
        ],
        [
            0.54837703704833984,
            0.17963599999999999,
            0.092355000000000007,
            272368,
            282940,
            1553624894.0294001,
            1019165331560,
            "doRadify_vir2vcsAll",
            "exit"
        ],
        [
            0.54850196838378906,
            0.17971899999999999,
            0.092397000000000007,
            272368,
            282940,
            1553624894.029525,
            1019165697078,
            "doPostDesignResolutionToVir2Vcs",
            "exit"
        ],
        [
            0.54859781265258789,
            0.179782,
            0.092429999999999998,
            272368,
            282940,
            1553624894.0296209,
            1019166025116,
            "doGAToPass2",
            "entry"
        ],
        [
            0.7164149284362793,
            0.18015999999999999,
            0.100767,
            270812,
            282940,
            1553624894.197438,
            1019770294568,
            "DoPass2",
            "entry"
        ],
        [
            0.97526788711547852,
            0.29983599999999999,
            0.13200999999999999,
            281424,
            282940,
            1553624894.456291,
            1020702137682,
            "DoPass2",
            "exit"
        ]
    ],
    "Misc": {
        "vcs_version": "N-2017.12-SP2-1_Full64",
        "csrc": "csrc",
        "master_pid": 9268,
        "VCS_HOME": "/usr/caen/vcs-2017.12-SP2-1",
        "vcs_build_date": "Build Date = Jul 14 2018 20:29:59",
        "cwd": "/afs/umich.edu/user/h/e/heewoo/Desktop/eecs470/FINAL/group10w19/synth/RAS",
        "csrc_abs": "/afs/umich.edu/user/h/e/heewoo/Desktop/eecs470/FINAL/group10w19/synth/RAS/csrc",
        "daidir": "/afs/umich.edu/user/h/e/heewoo/Desktop/eecs470/FINAL/group10w19/synth/RAS/simv_RAS.daidir",
        "daidir_abs": "/afs/umich.edu/user/h/e/heewoo/Desktop/eecs470/FINAL/group10w19/synth/RAS/simv_RAS.daidir",
        "default_output_dir": "csrc",
        "archive_dir": "archive.0"
    },
    "MlibObjs": {},
    "PrevCompiledModules": {},
    "NameTable": {
        "encoder": [
            "encoder",
            "PcQ6K",
            "module",
            4
        ],
        "_vcs_unit__3370883494": [
            "_vcs_unit__3370883494",
            "FEeKG",
            "module",
            1
        ],
        "std": [
            "std",
            "reYIK",
            "module",
            2
        ],
        "CAM": [
            "CAM",
            "j4tEJ",
            "module",
            3
        ],
        "psel_generic": [
            "psel_generic",
            "IyevZ",
            "module",
            5
        ],
        "testbench": [
            "testbench",
            "iAVhC",
            "module",
            7
        ],
        "psel_single_0000": [
            "psel_single_0000",
            "fZf2W",
            "module",
            6
        ],
        "...MASTER...": [
            "SIM",
            "amcQw",
            "module",
            8
        ]
    },
    "CompileStatus": "Successful",
    "SIMBData": {
        "archive": "archive.0/_9268_archive_1.a",
        "out": "amcQwB.o",
        "text": 0,
        "bytes": 73856
    },
    "PEModules": []
}